"comptoir_id";"software";"license";"wikidata_id";"sill_id";"cnll_id";"framalibre_slug";"software_website";"software_repository";"comptoir_url";"wikidata_url";"sill_url";"cnll_url";"framalibre_url"
72;"7-zip";"GNU LGPL";"Q215051";1;"";"7-zip";"https://www.7-zip.org";"https://sourceforge.net/projects/sevenzip/files/7-Zip/";"https://comptoir-du-libre.org/fr/softwares/72";"https://www.wikidata.org/wiki/Q215051";"https://code.gouv.fr/sill/fr/software?id=1";"";"https://framalibre.org/content/7-zip"
304;"Acceleo";"EPL Eclipse Public License";"Q2822666";2;"";"";"http://www.eclipse.org/acceleo/";"https://projects.eclipse.org/projects/modeling.m2t.acceleo/developer";"https://comptoir-du-libre.org/fr/softwares/304";"https://www.wikidata.org/wiki/Q2822666";"https://code.gouv.fr/sill/fr/software?id=2";"";""
669;"AdGuardHome ";"GNU GPLv3";"";"";"";"";"https://adguard.com/fr/adguard-home/overview.html";"https://github.com/AdguardTeam/AdGuardHome";"https://comptoir-du-libre.org/fr/softwares/669";"";"";"";""
730;"Aegis Authenticator";"GNU GPLv3";"";"";"";"";"https://getaegis.app/";"https://github.com/beemdevelopment/aegis";"https://comptoir-du-libre.org/fr/softwares/730";"";"";"";""
318;"Afrikalan";"GNU GPLv3";"";"";"";"";"http://www.afrikalan.org/";"https://sourceforge.net/projects/afrikalan/";"https://comptoir-du-libre.org/fr/softwares/318";"";"";"";""
624;"AgentJ";"GNU aGPL v3";"";"";"";"";"https://agentj.io/";"https://github.com/Probesys/agentj";"https://comptoir-du-libre.org/fr/softwares/624";"";"";"";""
835;"Agents en Intervention";"MIT";"";"";"";"";"https://agentsenintervention.anct.gouv.fr/";"https://gitlab.com/incubateur-territoires/startups/agents-intervention/agents-en-intervention";"https://comptoir-du-libre.org/fr/softwares/835";"";"";"";""
248;"ALCASAR";"GNU GPLv3";"";"";"";"";"http://www.alcasar.net";"http://svn.alcasar.net";"https://comptoir-du-libre.org/fr/softwares/248";"";"";"";""
29;"Alfresco";"GNU LGPL";"";"";523;"";"https://www.alfresco.com";"https://wiki.alfresco.com/wiki/Download_and_Install_Alfresco";"https://comptoir-du-libre.org/fr/softwares/29";"";"";"https://annuaire.cnll.fr/solutions/523";""
599;"AlmaLinux";"GNU GPLv2";"Q106601457";368;"";"";"https://almalinux.org/fr/";"https://github.com/AlmaLinux/";"https://comptoir-du-libre.org/fr/softwares/599";"https://www.wikidata.org/wiki/Q106601457";"https://code.gouv.fr/sill/fr/software?id=368";"";""
128;"Ametys";"Apache License 2.0";"";"";"";"";"https://www.ametys.org/territorial/fr/solutions.html";"https://code.ametys.org/";"https://comptoir-du-libre.org/fr/softwares/128";"";"";"";""
782;"Ancestris";"GNU GPLv3";"";"";"";"";"https://ancestris.org";"https://docs.ancestris.org/books/participation/page/le-code";"https://comptoir-du-libre.org/fr/softwares/782";"";"";"";""
526;"Angular";"MIT";"Q28925578";320;391;"";"https://angular.io";"https://github.com/angular/angular";"https://comptoir-du-libre.org/fr/softwares/526";"https://www.wikidata.org/wiki/Q28925578";"https://code.gouv.fr/sill/fr/software?id=320";"https://annuaire.cnll.fr/solutions/391";""
225;"Ansible";"GNU GPLv3";"Q2852503";5;"";"";"http://ansible.com/";"https://github.com/ansible/ansible";"https://comptoir-du-libre.org/fr/softwares/225";"https://www.wikidata.org/wiki/Q2852503";"https://code.gouv.fr/sill/fr/software?id=5";"";""
765;"Ansible Vault";"BSD";"";"";"";"";"https://docs.ansible.com/ansible/latest/cli/ansible-vault.html";"https://github.com/ansible-community/ansible-vault";"https://comptoir-du-libre.org/fr/softwares/765";"";"";"";""
212;"Apache";"Apache License 2.0";"Q11354";6;141;"";"https://httpd.apache.org/";"https://github.com/apache/httpd";"https://comptoir-du-libre.org/fr/softwares/212";"https://www.wikidata.org/wiki/Q11354";"https://code.gouv.fr/sill/fr/software?id=6";"https://annuaire.cnll.fr/solutions/141";""
857;"Apache ActiveMQ";"Apache License 2.0";"";"";"";"";"https://activemq.apache.org/";"https://github.com/apache/activemq";"https://comptoir-du-libre.org/fr/softwares/857";"";"";"";""
680;"Apache Airflow";"Apache License 2.0";"";"";"";"";"https://airflow.apache.org/";"https://github.com/apache/airflow/";"https://comptoir-du-libre.org/fr/softwares/680";"";"";"";""
527;"Apache Atlas";"Apache License 2.0";"Q28915124";266;"";"";"https://atlas.apache.org";"https://git-wip-us.apache.org/repos/asf?p=atlas.git";"https://comptoir-du-libre.org/fr/softwares/527";"https://www.wikidata.org/wiki/Q28915124";"https://code.gouv.fr/sill/fr/software?id=266";"";""
859;"Apache Camel";"Apache License 2.0";"";"";"";"";"https://camel.apache.org/";"https://github.com/apache/camel";"https://comptoir-du-libre.org/fr/softwares/859";"";"";"";""
588;"Apache ECharts";"Apache License 2.0";"";"";"";"";"https://echarts.apache.org/";"https://github.com/apache/echarts";"https://comptoir-du-libre.org/fr/softwares/588";"";"";"";""
603;"Apache Guacamole";"Apache License 2.0";"";416;"";"";"https://guacamole.apache.org/";"https://github.com/apache/guacamole-server";"https://comptoir-du-libre.org/fr/softwares/603";"";"https://code.gouv.fr/sill/fr/software?id=416";"";""
861;"Apache Hop";"Apache License 2.0";"";"";"";"";"https://hop.apache.org/";"https://github.com/apache/hop";"https://comptoir-du-libre.org/fr/softwares/861";"";"";"";""
109;"Apache JMeter™";"Apache License 2.0";"Q616885";7;"";"";"http://jmeter.apache.org/";"http://jmeter.apache.org/download_jmeter.cgi";"https://comptoir-du-libre.org/fr/softwares/109";"https://www.wikidata.org/wiki/Q616885";"https://code.gouv.fr/sill/fr/software?id=7";"";""
858;"Apache Kafka";"Apache License 2.0";"";"";"";"";"https://kafka.apache.org/";"https://github.com/apache/kafka";"https://comptoir-du-libre.org/fr/softwares/858";"";"";"";""
860;"Apache Karaf";"Apache License 2.0";"";"";"";"";"https://karaf.apache.org/";"https://github.com/apache/karaf";"https://comptoir-du-libre.org/fr/softwares/860";"";"";"";""
821;"Apache Nifi";"Apache License 2.0";"";"";"";"";"https://nifi.apache.org/";"https://github.com/apache/nifi";"https://comptoir-du-libre.org/fr/softwares/821";"";"";"";""
451;"Apache OFBiz";"Apache License 2.0";"";"";"";"";"http://ofbiz.apache.org/";"https://github.com/apache/ofbiz-framework";"https://comptoir-du-libre.org/fr/softwares/451";"";"";"";""
204;"Apache SolR";"Apache License 2.0";"Q2858103";9;62;"";"http://lucene.apache.org/solr/";"http://git.apache.org/lucene-solr.git";"https://comptoir-du-libre.org/fr/softwares/204";"https://www.wikidata.org/wiki/Q2858103";"https://code.gouv.fr/sill/fr/software?id=9";"https://annuaire.cnll.fr/solutions/62";""
482;"Apache Subversion";"Apache License 2.0";"";"";314;"";"https://subversion.apache.org/";"https://svn.apache.org/repos/asf/subversion/trunk";"https://comptoir-du-libre.org/fr/softwares/482";"";"";"https://annuaire.cnll.fr/solutions/314";""
418;"Apache Superset";"Apache License 2.0";"Q68705831";219;"";"";"https://superset.apache.org";"https://github.com/apache/superset";"https://comptoir-du-libre.org/fr/softwares/418";"https://www.wikidata.org/wiki/Q68705831";"https://code.gouv.fr/sill/fr/software?id=219";"";""
854;"ApertoDNS Protocol";"MIT";"";"";"";"";"https://apertodns.com";"https://github.com/apertodns/apertodns-protocol";"https://comptoir-du-libre.org/fr/softwares/854";"";"";"";""
629;"API Platform";"MIT";"";"";"";"";"https://api-platform.com/";"https://github.com/api-platform/api-platform";"https://comptoir-du-libre.org/fr/softwares/629";"";"";"";""
795;"Application de gestion des heures d'équipe";"GNU aGPL v3";"";"";"";"";"https://www.hubpeople.be/gestion-des-horaires#bottom";"https://www.geezteem.com/455/";"https://comptoir-du-libre.org/fr/softwares/795";"";"";"";""
796;"Appy";"GNU GPL";"";"";"";"";"https://appyframe.work";"https://www.geezteem.com/17";"https://comptoir-du-libre.org/fr/softwares/796";"";"";"";""
368;"Archifiltre";"MIT";"Q77064547";185;"";"";"https://archifiltre.fabrique.social.gouv.fr";"https://github.com/SocialGouv/archifiltre";"https://comptoir-du-libre.org/fr/softwares/368";"https://www.wikidata.org/wiki/Q77064547";"https://code.gouv.fr/sill/fr/software?id=185";"";""
552;"Arduino IDE";"GNU GPLv2";"Q55080330";326;"";"arduino";"https://www.arduino.cc/en/software";"https://github.com/arduino/Arduino";"https://comptoir-du-libre.org/fr/softwares/552";"https://www.wikidata.org/wiki/Q55080330";"https://code.gouv.fr/sill/fr/software?id=326";"";"https://framalibre.org/content/arduino"
99;"Argonaut";"GNU GPLv2";"";"";"";"";"https://gitlab.fusiondirectory.org/fusiondirectory/argonaut";"https://gitlab.fusiondirectory.org/fusiondirectory/argonaut";"https://comptoir-du-libre.org/fr/softwares/99";"";"";"";""
752;"Ariane - Eau & Assainissement";"GNU aGPL v3";"";"";"";"";"https://ariane.newmips.com";"https://forge.naos-cluster.tech/NewMips/ariane-backoffice.git";"https://comptoir-du-libre.org/fr/softwares/752";"";"";"";""
536;"ART";"GNU GPLv3";"Q112079993";270;"";"";"https://areportingtool.com/";"https://sourceforge.net/p/art/code";"https://comptoir-du-libre.org/fr/softwares/536";"https://www.wikidata.org/wiki/Q112079993";"https://code.gouv.fr/sill/fr/software?id=270";"";""
254;"ARTICA Proxy";"GNU GPLv3";"";"";"";"";"https://www.articabox.fr";"https://sourceforge.net/projects/artica-squid/files/ISO/proxy-appliances/";"https://comptoir-du-libre.org/fr/softwares/254";"";"";"";""
310;"ARX Data Anonymization Tool ";"Apache License 2.0";"";11;"";"";"https://arx.deidentifier.org/";"https://github.com/arx-deidentifier/arx";"https://comptoir-du-libre.org/fr/softwares/310";"";"https://code.gouv.fr/sill/fr/software?id=11";"";""
3;"asalae";"GNU aGPL v3";"";"";"";"";"https://www.libriciel.fr/logiciels/asalae/";"https://adullact.net/projects/asalae/";"https://comptoir-du-libre.org/fr/softwares/3";"";"";"";""
9;"Asqatasun";"GNU aGPL v3";"Q24026504";12;"";"asqatasun";"http://asqatasun.org/";"https://gitlab.com/asqatasun/Asqatasun";"https://comptoir-du-libre.org/fr/softwares/9";"https://www.wikidata.org/wiki/Q24026504";"https://code.gouv.fr/sill/fr/software?id=12";"";"https://framalibre.org/content/asqatasun"
543;"Assistant RGAA";"MIT";"";"";"";"";"https://assistant-rgaa.boscop.fr/";"https://github.com/boscop-fr/assistant-rgaa";"https://comptoir-du-libre.org/fr/softwares/543";"";"";"";""
452;"ASTERISK";"GNU GPLv3";"";"";527;"";"https://www.asterisk.org/";"https://www.asterisk.org/downloads/";"https://comptoir-du-libre.org/fr/softwares/452";"";"";"https://annuaire.cnll.fr/solutions/527";""
163;"ATOM";"MIT";"";"";"";"";"https://atom.io/";"https://github.com/atom/atom";"https://comptoir-du-libre.org/fr/softwares/163";"";"";"";""
515;"AtoM - Access to Memory";"GNU aGPL v3";"Q73673993";293;"";"";"https://www.accesstomemory.org/fr/";"https://github.com/artefactual/atom";"https://comptoir-du-libre.org/fr/softwares/515";"https://www.wikidata.org/wiki/Q73673993";"https://code.gouv.fr/sill/fr/software?id=293";"";""
69;"Audacity";"GNU GPLv2";"";"";"";"";"http://www.audacityteam.org/";"https://github.com/audacity/audacity.git";"https://comptoir-du-libre.org/fr/softwares/69";"";"";"";""
672;"Authelia";"Apache License 2.0";"";"";"";"";"https://www.authelia.com/";"https://github.com/authelia/authelia";"https://comptoir-du-libre.org/fr/softwares/672";"";"";"";""
27;"Authentik";"GNU aGPL v3";"";"";"";"";"https://dev.entrouvert.org//projects/authentic";"http://repos.entrouvert.org/authentic.git";"https://comptoir-du-libre.org/fr/softwares/27";"";"";"";""
70;"Avidemux";"GNU GPL";"Q790931";15;"";"";"http://fixounet.free.fr/avidemux/";"https://github.com/mean00/avidemux2.git";"https://comptoir-du-libre.org/fr/softwares/70";"https://www.wikidata.org/wiki/Q790931";"https://code.gouv.fr/sill/fr/software?id=15";"";""
401;"Axelor";"GNU aGPL v3";"";"";"";"";"https://www.axelor.com/fr/";"https://github.com/axelor";"https://comptoir-du-libre.org/fr/softwares/401";"";"";"";""
727;"Azuracast";"GNU aGPL v3";"";"";"";"";"https://www.azuracast.com/";"https://github.com/AzuraCast/AzuraCast";"https://comptoir-du-libre.org/fr/softwares/727";"";"";"";""
585;"BackupPC";"GNU GPLv3";"Q798540";390;"";"";"https://backuppc.github.io/backuppc/";"https://github.com/backuppc/backuppc";"https://comptoir-du-libre.org/fr/softwares/585";"https://www.wikidata.org/wiki/Q798540";"https://code.gouv.fr/sill/fr/software?id=390";"";""
667;"Bacula";"GNU aGPL v3";"";"";"";"";"https://www.bacula.org/";"https://gitlab.bacula.org/bacula-community-edition/bacula-community";"https://comptoir-du-libre.org/fr/softwares/667";"";"";"";""
714;"Balenos";"GNU GPLv3";"";"";"";"";"https://github.com/ad2ien/balenos";"https://github.com/ad2ien/balenos";"https://comptoir-du-libre.org/fr/softwares/714";"";"";"";""
243;"BareOS";"GNU aGPL v3";"Q25387280";16;"";"";"https://www.bareos.com/";"https://github.com/bareos/bareos";"https://comptoir-du-libre.org/fr/softwares/243";"https://www.wikidata.org/wiki/Q25387280";"https://code.gouv.fr/sill/fr/software?id=16";"";""
566;"Baserow";"MIT";"";"";"";"";"https://baserow.io";"https://gitlab.com/bramw/baserow";"https://comptoir-du-libre.org/fr/softwares/566";"";"";"";""
500;"Beekeeper Studio (Community Edition)";"GNU GPLv3";"";250;"";"";"https://www.beekeeperstudio.io";"https://github.com/beekeeper-studio/beekeeper-studio/";"https://comptoir-du-libre.org/fr/softwares/500";"";"https://code.gouv.fr/sill/fr/software?id=250";"";""
789;"Betterbird";"Mozilla Public License, version 2.0";"";"";"";"";"https://betterbird.eu";"https://www.betterbird.eu/downloads/";"https://comptoir-du-libre.org/fr/softwares/789";"";"";"";""
790;"Bforartists";"GNU GPLv2";"";"";"";"";"https://www.bforartists.de/";"https://github.com/Bforartists/Bforartists";"https://comptoir-du-libre.org/fr/softwares/790";"";"";"";""
384;"BigBlueButton";"LGPLv3";"Q4904858";196;"";"";"https://bigbluebutton.org";"https://github.com/bigbluebutton/bigbluebutton";"https://comptoir-du-libre.org/fr/softwares/384";"https://www.wikidata.org/wiki/Q4904858";"https://code.gouv.fr/sill/fr/software?id=196";"";""
567;"BIM Ciqo";"GNU GPLv3";"";"";"";"";"https://ciqo.eu";"https://github.com/alliance-batiment/BIM-CiQo";"https://comptoir-du-libre.org/fr/softwares/567";"";"";"";""
512;"Bitwarden";"GNU aGPL v3";"Q56319818";298;"";"bitwarden";"https://bitwarden.com/";"https://github.com/bitwarden/server";"https://comptoir-du-libre.org/fr/softwares/512";"https://www.wikidata.org/wiki/Q56319818";"https://code.gouv.fr/sill/fr/software?id=298";"";"https://framalibre.org/content/bitwarden"
132;"Blender";"GNU GPLv2";"Q173136";258;15;"blender";"https://www.blender.org/";"https://www.blender.org/download/";"https://comptoir-du-libre.org/fr/softwares/132";"https://www.wikidata.org/wiki/Q173136";"https://code.gouv.fr/sill/fr/software?id=258";"https://annuaire.cnll.fr/solutions/15";"https://framalibre.org/content/blender"
58;"BlueGriffon";"Mozilla Public License, version 2.0";"Q885580";18;"";"bluegriffon";"http://bluegriffon.org/";"https://github.com/therealglazou/bluegriffon.git";"https://comptoir-du-libre.org/fr/softwares/58";"https://www.wikidata.org/wiki/Q885580";"https://code.gouv.fr/sill/fr/software?id=18";"";"https://framalibre.org/content/bluegriffon"
25;"BlueMind";"GNU aGPL v3";"Q2907192";315;100;"";"https://www.bluemind.net/";"https://forge.bluemind.net/stash/projects/BM/repos/bluemind-public";"https://comptoir-du-libre.org/fr/softwares/25";"https://www.wikidata.org/wiki/Q2907192";"https://code.gouv.fr/sill/fr/software?id=315";"https://annuaire.cnll.fr/solutions/100";""
331;"Bokeh";"CeCILL V2";"";"";"";"";"http://www.afi-sa.net/bibliotheque/bokeh";"http://forge.afi-sa.fr/projects/opacce";"https://comptoir-du-libre.org/fr/softwares/331";"";"";"";""
537;"Bonita";"GNU GPLv2";"Q1076128";267;"";"";"https://community.bonitasoft.com";"https://github.com/bonitasoft";"https://comptoir-du-libre.org/fr/softwares/537";"https://www.wikidata.org/wiki/Q1076128";"https://code.gouv.fr/sill/fr/software?id=267";"";""
602;"BookStack";"MIT";"Q107122654";367;"";"";"https://www.bookstackapp.com/";"https://github.com/BookStackApp/BookStack";"https://comptoir-du-libre.org/fr/softwares/602";"https://www.wikidata.org/wiki/Q107122654";"https://code.gouv.fr/sill/fr/software?id=367";"";""
825;"Bruno";"MIT";"";"";"";"";"https://www.usebruno.com/";"https://github.com/usebruno/bruno";"https://comptoir-du-libre.org/fr/softwares/825";"";"";"";""
633;"BunkerWeb";"GNU aGPL v3";"Q122929604";434;"";"";"https://www.bunkerweb.io";"https://github.com/bunkerity/bunkerweb";"https://comptoir-du-libre.org/fr/softwares/633";"https://www.wikidata.org/wiki/Q122929604";"https://code.gouv.fr/sill/fr/software?id=434";"";""
639;"Business School Planning";"GNU GPLv3";"";"";"";"";"https://www.philnoug.com/planning";"https://github.com/philippe-nougaillon/Planning_IAE";"https://comptoir-du-libre.org/fr/softwares/639";"";"";"";""
357;"Cachet";"BSD";"";175;"";"";"https://cachethq.io/";"https://github.com/CachetHQ/Cachet";"https://comptoir-du-libre.org/fr/softwares/357";"";"https://code.gouv.fr/sill/fr/software?id=175";"";""
561;"Cal.diy";"MIT";"";335;"";"";"https://cal.com/fr/blog/cal-com-goes-closed-source-why";"https://github.com/calcom/cal.diy";"https://comptoir-du-libre.org/fr/softwares/561";"";"https://code.gouv.fr/sill/fr/software?id=335";"";""
412;"Calibre";"GNU GPL";"";"";"";"";"https://calibre-ebook.com";"https://github.com/kovidgoyal/calibre";"https://comptoir-du-libre.org/fr/softwares/412";"";"";"";""
641;"Camino";"GNU GPLv3";"";"";"";"";"https://www.philnoug.com/camino";"https://github.com/philippe-nougaillon/Camino2";"https://comptoir-du-libre.org/fr/softwares/641";"";"";"";""
574;"Canaille";"MIT";"";"";"";"";"https://canaille.readthedocs.io/en/latest/";"https://gitlab.com/yaal/canaille";"https://comptoir-du-libre.org/fr/softwares/574";"";"";"";""
656;"Canoprof";"Mozilla Public License, version 2.0";"";"";"";"";"https://www.reseau-canope.fr/canoprof.html";"https://download.scenari.software/Canoprof/";"https://comptoir-du-libre.org/fr/softwares/656";"";"";"";""
786;"Cartes.app";"GNU aGPL v3";"";"";"";"";"https://cartes.app";"https://github.com/cartesapp/cartes";"https://comptoir-du-libre.org/fr/softwares/786";"";"";"";""
233;"CAS Server";"Apache License 2.0";"";"";"";"";"https://apereo.github.io/cas/";"https://github.com/apereo/cas";"https://comptoir-du-libre.org/fr/softwares/233";"";"";"";""
239;"CentOS";"GNU GPL";"Q207542";19;79;"centos";"https://www.centos.org/";"https://git.centos.org/project/rpms";"https://comptoir-du-libre.org/fr/softwares/239";"https://www.wikidata.org/wiki/Q207542";"https://code.gouv.fr/sill/fr/software?id=19";"https://annuaire.cnll.fr/solutions/79";"https://framalibre.org/content/centos"
210;"Centreon";"GNU GPLv2";"Q2946121";20;"";"";"https://www.centreon.com/";"https://github.com/centreon/centreon";"https://comptoir-du-libre.org/fr/softwares/210";"https://www.wikidata.org/wiki/Q2946121";"https://code.gouv.fr/sill/fr/software?id=20";"";""
223;"Ceph";"GNU LGPL";"Q4035967";21;"";"";"https://ceph.com/";"https://git.ceph.com/?p=ceph.git;a=summary";"https://comptoir-du-libre.org/fr/softwares/223";"https://www.wikidata.org/wiki/Q4035967";"https://code.gouv.fr/sill/fr/software?id=21";"";""
704;"Chamidoc";"GNU GPLv3";"";"";"";"";"https://www.chamidoc.com/";"https://github.com/open-elearning/chamidoc/";"https://comptoir-du-libre.org/fr/softwares/704";"";"";"";""
252;"Chamilo LMS ";"GNU GPLv3";"Q423221";216;"";"chamilo";"https://chamilo.org/fr/";"https://github.com/chamilo/chamilo-lms";"https://comptoir-du-libre.org/fr/softwares/252";"https://www.wikidata.org/wiki/Q423221";"https://code.gouv.fr/sill/fr/software?id=216";"";"https://framalibre.org/content/chamilo"
480;"Chamilo Studio";"GNU GPLv3";"";"";"";"";"https://chamilo-studio.com/";"https://github.com/open-elearning/chamilo-studio";"https://comptoir-du-libre.org/fr/softwares/480";"";"";"";""
775;"ChatMD";"MIT";"";"";"";"";"https://chatmd.forge.apps.education.fr/";"https://forge.apps.education.fr/chatMD/chatMD.forge.apps.education.fr";"https://comptoir-du-libre.org/fr/softwares/775";"";"";"";""
832;"CheckMK";"GNU GPLv2";"";"";"";"";"https://checkmk.com/";"https://github.com/checkmk/checkmk";"https://comptoir-du-libre.org/fr/softwares/832";"";"";"";""
529;"Cherrytree";"GNU GPLv3";"Q105029197";273;"";"cherrytree";"https://www.giuspen.com/cherrytree";"https://github.com/giuspen/cherrytree";"https://comptoir-du-libre.org/fr/softwares/529";"https://www.wikidata.org/wiki/Q105029197";"https://code.gouv.fr/sill/fr/software?id=273";"";"https://framalibre.org/content/cherrytree"
352;"Chill";"GNU aGPL v3";"";"";"";"";"https://www.chill.social";"https://framagit.org/Chill-project";"https://comptoir-du-libre.org/fr/softwares/352";"";"";"";""
459;"Chimithèque";"GNU GPLv3";"";228;"";"";"https://github.com/tbellembois/gochimitheque";"https://github.com/tbellembois/gochimitheque";"https://comptoir-du-libre.org/fr/softwares/459";"";"https://code.gouv.fr/sill/fr/software?id=228";"";""
706;"Chirpstack";"MIT";"";"";"";"";"https://www.chirpstack.io/";"https://github.com/chirpstack/chirpstack";"https://comptoir-du-libre.org/fr/softwares/706";"";"";"";""
541;"Chocolatey";"Apache License 2.0";"Q16988239";311;"";"";"https://chocolatey.org/";"https://github.com/chocolatey/choco";"https://comptoir-du-libre.org/fr/softwares/541";"https://www.wikidata.org/wiki/Q16988239";"https://code.gouv.fr/sill/fr/software?id=311";"";""
13;"Chouette2";"CeCILL-B";"";"";"";"";"https://github.com/afimb/chouette2";"https://github.com/afimb/chouette2";"https://comptoir-du-libre.org/fr/softwares/13";"";"";"";""
193;"Chromium";"MIT";"Q48524";22;414;"chromium";"https://www.chromium.org/";"https://chromium.googlesource.com/chromium/src";"https://comptoir-du-libre.org/fr/softwares/193";"https://www.wikidata.org/wiki/Q48524";"https://code.gouv.fr/sill/fr/software?id=22";"https://annuaire.cnll.fr/solutions/414";"https://framalibre.org/content/chromium"
721;"CISO Assistant";"GNU aGPL v3";"";"";"";"";"https://intuitem.com";"https://github.com/intuitem/ciso-assistant-community";"https://comptoir-du-libre.org/fr/softwares/721";"";"";"";""
660;"Citus Data";"GNU aGPL v3";"";"";"";"";"https://www.citusdata.com/";"https://github.com/citusdata/citus.git";"https://comptoir-du-libre.org/fr/softwares/660";"";"";"";""
342;"CiviCRM";"GNU aGPL v3";"";"";"";"";"https://civicrm.org/";"https://github.com/civicrm/civicrm-core";"https://comptoir-du-libre.org/fr/softwares/342";"";"";"";""
146;"CKAN";"Apache License 2.0";"";"";"";"";"https://ckan.org/";"https://github.com/ckan/ckan";"https://comptoir-du-libre.org/fr/softwares/146";"";"";"";""
211;"ClamAV";"GNU GPLv2";"Q852000";23;"";"";"https://www.clamav.net/";"https://github.com/Cisco-Talos/clamav-devel";"https://comptoir-du-libre.org/fr/softwares/211";"https://www.wikidata.org/wiki/Q852000";"https://code.gouv.fr/sill/fr/software?id=23";"";""
119;"Claws-mail";"GNU GPL";"";"";"";"";"http://www.claws-mail.org/";"http://www.claws-mail.org/downloads.php?section=downloads";"https://comptoir-du-libre.org/fr/softwares/119";"";"";"";""
842;"Clearance";"GNU aGPL v3";"";"";"";"";"https://www.teritorio.fr/fr/solution/clearance/";"https://github.com/teritorio/clearance";"https://comptoir-du-libre.org/fr/softwares/842";"";"";"";""
514;"Clojure";"EPL Eclipse Public License";"Q51798";295;"";"";"https://clojure.org";"https://github.com/clojure/clojure";"https://comptoir-du-libre.org/fr/softwares/514";"https://www.wikidata.org/wiki/Q51798";"https://code.gouv.fr/sill/fr/software?id=295";"";""
73;"Clonezilla";"GNU GPLv2";"";"";"";"";"http://clonezilla.org/";"https://github.com/stevenshiau/clonezilla.git";"https://comptoir-du-libre.org/fr/softwares/73";"";"";"";""
407;"CMS.Eolas";"CeCILL V2";"";"";"";"";"https://www.eolas.fr/";"https://www.eolas.fr/127-cms-eolas-support-client.htm";"https://comptoir-du-libre.org/fr/softwares/407";"";"";"";""
303;"CockroachDB";"MIT";"";"";"";"";"https://www.cockroachlabs.com/";"https://github.com/cockroachdb/cockroach#see-also";"https://comptoir-du-libre.org/fr/softwares/303";"";"";"";""
306;"CodeceptJS";"MIT";"";25;"";"";"https://codecept.io/";"https://github.com/codeception/codeceptjs";"https://comptoir-du-libre.org/fr/softwares/306";"";"https://code.gouv.fr/sill/fr/software?id=25";"";""
576;"CodeIgniter";"MIT";"Q339829";348;"";"";"https://codeigniter.com/";"https://github.com/codeigniter4/CodeIgniter4";"https://comptoir-du-libre.org/fr/softwares/576";"https://www.wikidata.org/wiki/Q339829";"https://code.gouv.fr/sill/fr/software?id=348";"";""
362;"CodiMD";"GNU aGPL v3";"";"";"";"";"https://hackmd.io/c/codimd-documentation/";"https://github.com/hackmdio/codimd";"https://comptoir-du-libre.org/fr/softwares/362";"";"";"";""
411;"Collabora Online";"Mozilla Public License, version 2.0";"";"";"";"";"https://www.collaboraoffice.com/collabora-online/";"https://github.com/CollaboraOnline";"https://comptoir-du-libre.org/fr/softwares/411";"";"";"";""
398;"Colour Contrast Analyser";"GNU GPLv3";"";204;"";"";"https://developer.paciellogroup.com/resources/contrastanalyser/";"https://github.com/ThePacielloGroup/CCAe";"https://comptoir-du-libre.org/fr/softwares/398";"";"https://code.gouv.fr/sill/fr/software?id=204";"";""
829;"ComClic";"Apache License 2.0";"";"";"";"";"https://comclic.girondenumerique.fr/";"https://gitlab.girondenumerique.fr/GirNumOpenSource/multicanal";"https://comptoir-du-libre.org/fr/softwares/829";"";"";"";""
470;"Composer";"MIT";"Q15252222";248;"";"";"https://getcomposer.org";"https://github.com/composer/composer";"https://comptoir-du-libre.org/fr/softwares/470";"https://www.wikidata.org/wiki/Q15252222";"https://code.gouv.fr/sill/fr/software?id=248";"";""
713;"Compute Web App";"GNU aGPL v3";"";"";"";"";"https://soqut-imaging.fr/";"https://framagit.org/brunomartin-public/compute-web-app";"https://comptoir-du-libre.org/fr/softwares/713";"";"";"";""
707;"Constellation";"GNU aGPL v3";"";"";"";"";"https://réseau-constellation.ca";"https://github.com/reseau-constellation/iug";"https://comptoir-du-libre.org/fr/softwares/707";"";"";"";""
317;"CONSUL";"GNU aGPL v3";"";"";"";"";"http://consulproject.org/en/index.html";"https://github.com/consul/consul";"https://comptoir-du-libre.org/fr/softwares/317";"";"";"";""
107;"Contrast-Finder";"GNU aGPL v3";"";"";"";"";"https://contrast-finder.org/";"https://github.com/Asqatasun/Contrast-Finder";"https://comptoir-du-libre.org/fr/softwares/107";"";"";"";""
800;"CoopComm";"GNU GPLv3";"";"";"";"";"https://www.coopcomm.fr/";"https://github.com/philippe-nougaillon/coopcomm";"https://comptoir-du-libre.org/fr/softwares/800";"";"";"";""
157;"Coova Chilli";"GNU GPL";"";"";"";"";"http://coova.github.io/CoovaChilli/";"https://github.com/coova/coova-chilli";"https://comptoir-du-libre.org/fr/softwares/157";"";"";"";""
235;"Corosync";"BSD";"";27;"";"";"https://corosync.github.io/corosync/";"https://github.com/corosync/corosync";"https://comptoir-du-libre.org/fr/softwares/235";"";"https://code.gouv.fr/sill/fr/software?id=27";"";""
443;"Cozy Cloud";"GNU GPL";"";"";"";"";"https://cozy.io/fr/";"https://github.com/cozy/cozy-stack";"https://comptoir-du-libre.org/fr/softwares/443";"";"";"";""
610;"Crème CRM";"GNU aGPL v3";"";"";"";"";"http://cremecrm.com";"https://github.com/HybirdCorp/creme_crm/";"https://comptoir-du-libre.org/fr/softwares/610";"";"";"";""
315;"Crust";"Apache License 2.0";"";"";"";"";"https://www.crust.tech";"https://github.com/crusttech";"https://comptoir-du-libre.org/fr/softwares/315";"";"";"";""
655;"CrystalDATA";"GNU GPLv3";"";"";"";"";"https://crystal-data.philnoug.com/";"https://github.com/philippe-nougaillon/crystal-data7";"https://comptoir-du-libre.org/fr/softwares/655";"";"";"";""
217;"CUPS";"Apache License 2.0";"Q868171";28;"";"";"https://www.cups.org/";"https://github.com/apple/cups";"https://comptoir-du-libre.org/fr/softwares/217";"https://www.wikidata.org/wiki/Q868171";"https://code.gouv.fr/sill/fr/software?id=28";"";""
803;"Cypht";"GNU LGPL";"";"";"";"";"https://www.cypht.org/";"https://github.com/cypht-org/cypht";"https://comptoir-du-libre.org/fr/softwares/803";"";"";"";""
215;"Cyrus";"MIT";"";"";"";"";"https://cyrusimap.org/";"https://github.com/cyrusimap/cyrus-imapd";"https://comptoir-du-libre.org/fr/softwares/215";"";"";"";""
424;"Dash";"MIT";"Q106081011";222;"";"";"https://dash.plotly.com";"https://github.com/plotly/dash";"https://comptoir-du-libre.org/fr/softwares/424";"https://www.wikidata.org/wiki/Q106081011";"https://code.gouv.fr/sill/fr/software?id=222";"";""
570;"DashLord";"Apache License 2.0";"Q115326091";344;"";"";"https://dashlord.incubateur.net/";"https://github.com/SocialGouv/dashlord";"https://comptoir-du-libre.org/fr/softwares/570";"https://www.wikidata.org/wiki/Q115326091";"https://code.gouv.fr/sill/fr/software?id=344";"";""
137;"DataFair";"GNU aGPL v3";"";"";"";"";"https://data-fair.github.io/3/";"https://github.com/data-fair/data-fair/";"https://comptoir-du-libre.org/fr/softwares/137";"";"";"";""
583;"Datami";"GNU aGPL v3";"";"";"";"";"https://datami.multi.coop";"https://gitlab.com/multi-coop/datami-project/datami";"https://comptoir-du-libre.org/fr/softwares/583";"";"";"";""
847;"Datarchipel";"Apache License 2.0";"";"";"";"";"https://datarchipel.org";"https://forge.naos-cluster.tech/terreze/projet";"https://comptoir-du-libre.org/fr/softwares/847";"";"";"";""
593;"DAVGIS";"GNU GPLv3";"";"";"";"";"http://www.davgis.fr/";"https://github.com/morellipatrick/davgis";"https://comptoir-du-libre.org/fr/softwares/593";"";"";"";""
592;"DAVIS";"GNU GPLv3";"";"";"";"";"http://www.davisg.org/";"https://github.com/morellipatrick/davis";"https://comptoir-du-libre.org/fr/softwares/592";"";"";"";""
81;"DBAN";"GNU GPLv2";"";"";"";"";"http://dban.org/";"http://dban.org/";"https://comptoir-du-libre.org/fr/softwares/81";"";"";"";""
364;"DBeaver";"Apache License 2.0";"Q28956992";319;"";"dbeaver";"https://dbeaver.io";"https://github.com/dbeaver/dbeaver";"https://comptoir-du-libre.org/fr/softwares/364";"https://www.wikidata.org/wiki/Q28956992";"https://code.gouv.fr/sill/fr/software?id=319";"";"https://framalibre.org/content/dbeaver"
185;"DBfit";"GNU GPLv2";"";"";"";"";"http://dbfit.github.io/dbfit/";"https://github.com/dbfit/dbfit";"https://comptoir-du-libre.org/fr/softwares/185";"";"";"";""
241;"Debian";"GNU GPL";"Q7715973";32;322;"debian-gnulinux";"https://www.debian.org/";"https://sources.debian.org/";"https://comptoir-du-libre.org/fr/softwares/241";"https://www.wikidata.org/wiki/Q7715973";"https://code.gouv.fr/sill/fr/software?id=32";"https://annuaire.cnll.fr/solutions/322";"https://framalibre.org/content/debian-gnulinux"
799;"Débi'Clic";"GNU GPLv3";"";"";"";"";"https://github.com/smmareptb11/debiclic";"https://github.com/smmareptb11/debiclic";"https://comptoir-du-libre.org/fr/softwares/799";"";"";"";""
268;"Decidim";"Creative Commons Attribution-ShareAlike 3.0 licence (CC BY-SA)";"Q20105575";234;"";"";"https://decidim.org/";"https://github.com/decidim/decidim";"https://comptoir-du-libre.org/fr/softwares/268";"https://www.wikidata.org/wiki/Q20105575";"https://code.gouv.fr/sill/fr/software?id=234";"";""
136;"Démarches simplifiées";"GNU aGPL v3";"Q93597458";205;"";"";"https://github.com/betagouv/demarches-simplifiees.fr";"https://github.com/betagouv/demarches-simplifiees.fr";"https://comptoir-du-libre.org/fr/softwares/136";"https://www.wikidata.org/wiki/Q93597458";"https://code.gouv.fr/sill/fr/software?id=205";"";""
648;"DematBP";"GNU GPLv3";"";"";"";"";"https://easya.solutions/";"https://git.open-dsi.fr/nextcloud-extension/dematpayslip";"https://comptoir-du-libre.org/fr/softwares/648";"";"";"";""
700;"Deming";"GNU GPLv3";"";"";"";"";"https://www.sourcentis.com/deming/";"https://github.com/dbarzin/deming";"https://comptoir-du-libre.org/fr/softwares/700";"";"";"";""
519;"Deno";"MIT";"Q65070939";280;"";"";"https://deno.land";"https://github.com/denoland/deno";"https://comptoir-du-libre.org/fr/softwares/519";"https://www.wikidata.org/wiki/Q65070939";"https://code.gouv.fr/sill/fr/software?id=280";"";""
115;"Départements & Notaires";"GNU aGPL v3";"";"";"";"";"https://departements-et-notaires.adullact.org";"https://gitlab.adullact.net/departements-notaires/departements-notaires-v2";"https://comptoir-du-libre.org/fr/softwares/115";"";"";"";""
819;"Deveco";"MIT";"";"";"";"";"https://deveco.incubateur.anct.gouv.fr/";"https://gitlab.com/incubateur-territoires/startups/deveco/deveco/";"https://comptoir-du-libre.org/fr/softwares/819";"";"";"";""
66;"Dia Diagram Editor";"GNU GPLv2";"";"";"";"";"http://dia-installer.de/";"https://git.code.sf.net/p/vsd2svg/code vsd2svg-code";"https://comptoir-du-libre.org/fr/softwares/66";"";"";"";""
598;"diaspora";"GNU aGPL v3";"";"";"";"";"https://diasporafoundation.org/";"https://github.com/diaspora/diaspora";"https://comptoir-du-libre.org/fr/softwares/598";"";"";"";""
244;"DIGIRISK";"GNU aGPL v3";"Q112299414";292;"";"";"https://www.digirisk.com/";"https://github.com/Evarisk/Digirisk";"https://comptoir-du-libre.org/fr/softwares/244";"https://www.wikidata.org/wiki/Q112299414";"https://code.gouv.fr/sill/fr/software?id=292";"";""
382;"DirectMairie";"GNU aGPL v3";"";"";"";"";"https://adullact.org/web-service-directmairie";"https://gitlab.adullact.net/directmairie/directmairie";"https://comptoir-du-libre.org/fr/softwares/382";"";"";"";""
282;"Discourse";"GNU GPLv2";"Q15054354";33;"";"";"https://www.discourse.org/";"https://github.com/discourse/discourse";"https://comptoir-du-libre.org/fr/softwares/282";"https://www.wikidata.org/wiki/Q15054354";"https://code.gouv.fr/sill/fr/software?id=33";"";""
218;"Docker";"Apache License 2.0";"Q15206305";34;420;"";"https://www.docker.com/";"https://github.com/docker/docker-ce";"https://comptoir-du-libre.org/fr/softwares/218";"https://www.wikidata.org/wiki/Q15206305";"https://code.gouv.fr/sill/fr/software?id=34";"https://annuaire.cnll.fr/solutions/420";""
777;"Docs";"MIT";"";"";"";"";"https://github.com/suitenumerique/docs";"https://github.com/suitenumerique/docs";"https://comptoir-du-libre.org/fr/softwares/777";"";"";"";""
476;"Dogtag";"GNU GPL";"";"";"";"";"https://www.dogtagpki.org";"https://github.com/dogtagpki/pki";"https://comptoir-du-libre.org/fr/softwares/476";"";"";"";""
467;"Dokiel";"LGPLv3";"Q112063447";238;"";"dokiel";"https://doc.scenari.software/Dokiel/fr/";"https://source.scenari.software/projects/dokiel";"https://comptoir-du-libre.org/fr/softwares/467";"https://www.wikidata.org/wiki/Q112063447";"https://code.gouv.fr/sill/fr/software?id=238";"";"https://framalibre.org/content/dokiel"
521;"Dokku";"MIT";"Q112073283";256;"";"";"https://dokku.com";"https://github.com/dokku/dokku";"https://comptoir-du-libre.org/fr/softwares/521";"https://www.wikidata.org/wiki/Q112073283";"https://code.gouv.fr/sill/fr/software?id=256";"";""
817;"Dokuwiki";"GNU GPLv2";"";"";"";"";"https://www.dokuwiki.org/dokuwiki";"https://github.com/dokuwiki";"https://comptoir-du-libre.org/fr/softwares/817";"";"";"";""
440;"Dolibackup";"GNU GPLv3";"";"";"";"";"https://dolibackup.com/fr/";"https://github.com/simafri/dolibackup";"https://comptoir-du-libre.org/fr/softwares/440";"";"";"";""
47;"Dolibarr ERP CRM";"GNU GPLv3";"Q2076540";342;"";"dolibarr-erp-crm";"https://www.dolibarr.org/";"https://github.com/dolibarr";"https://comptoir-du-libre.org/fr/softwares/47";"https://www.wikidata.org/wiki/Q2076540";"https://code.gouv.fr/sill/fr/software?id=342";"";"https://framalibre.org/content/dolibarr-erp-crm"
438;"DoliSCAN";"GNU aGPL v3";"";"";"";"";"https://doliscan.fr";"https://doliscan.org";"https://comptoir-du-libre.org/fr/softwares/438";"";"";"";""
391;"DomiFa ";"Apache License 2.0";"";"";"";"";"https://domifa.fabrique.social.gouv.fr";"https://github.com/SocialGouv/domifa";"https://comptoir-du-libre.org/fr/softwares/391";"";"";"";""
425;"Domvil2";"GNU GPLv3";"";"";"";"";"https://ville-saint-denis.fr/";"https://forge.naos-cluster.tech/aquinetic/newmips/domvil.git";"https://comptoir-du-libre.org/fr/softwares/425";"";"";"";""
497;"Dovecot";"MIT";"Q742820";244;"";"";"https://www.dovecot.org";"https://github.com/dovecot/core";"https://comptoir-du-libre.org/fr/softwares/497";"https://www.wikidata.org/wiki/Q742820";"https://code.gouv.fr/sill/fr/software?id=244";"";""
300;"draw.io";"Apache License 2.0";"Q59339175";35;"";"";"https://about.draw.io/integrations/#integrations_offline";"https://github.com/jgraph/drawio";"https://comptoir-du-libre.org/fr/softwares/300";"https://www.wikidata.org/wiki/Q59339175";"https://code.gouv.fr/sill/fr/software?id=35";"";""
264;"Drupal";"GNU GPLv2";"Q170855";36;394;"drupal";"https://www.drupal.org/";"https://git.drupalcode.org/project/drupal";"https://comptoir-du-libre.org/fr/softwares/264";"https://www.wikidata.org/wiki/Q170855";"https://code.gouv.fr/sill/fr/software?id=36";"https://annuaire.cnll.fr/solutions/394";"https://framalibre.org/content/drupal"
564;"Duplicati";"GNU LGPL";"Q1266534";338;"";"duplicati";"https://www.duplicati.com";"https://github.com/duplicati/duplicati";"https://comptoir-du-libre.org/fr/softwares/564";"https://www.wikidata.org/wiki/Q1266534";"https://code.gouv.fr/sill/fr/software?id=338";"";"https://framalibre.org/content/duplicati"
74;"DVDstyler";"GNU GPLv2";"Q4117800";37;"";"";"http://www.dvdstyler.org";"https://sourceforge.net/p/dvdstyler/code/";"https://comptoir-du-libre.org/fr/softwares/74";"https://www.wikidata.org/wiki/Q4117800";"https://code.gouv.fr/sill/fr/software?id=37";"";""
591;"DynFi Firewall";"BSD";"";"";"";"";"https://dynfi.com/dynfi-firewall/";"https://github.com/DynFi";"https://comptoir-du-libre.org/fr/softwares/591";"";"";"";""
652;"Easy!Appointments";"GNU GPLv3";"";"";"";"";"https://easyappointments.org";"https://github.com/alextselegidis/easyappointments";"https://comptoir-du-libre.org/fr/softwares/652";"";"";"";""
170;"Eclipse";"BSD";"Q82268";38;96;"";"https://www.eclipse.org/";"https://git.eclipse.org/c/";"https://comptoir-du-libre.org/fr/softwares/170";"https://www.wikidata.org/wiki/Q82268";"https://code.gouv.fr/sill/fr/software?id=38";"https://annuaire.cnll.fr/solutions/96";""
313;"E-Collectivités";"GNU aGPL v3";"";"";"";"";"https://gitlab.adullact.net/E-Collectivite";"https://gitlab.adullact.net/E-Collectivite";"https://comptoir-du-libre.org/fr/softwares/313";"";"";"";""
837;"EcoSurf Analyser";"MIT";"";"";"";"";"https://addons.mozilla.org/fr/firefox/addon/ecosurf-analyser/";"https://github.com/les-enovateurs/estimate-good-website";"https://comptoir-du-libre.org/fr/softwares/837";"";"";"";""
245;"editInteractiveSVG";"BSD";"";"";"";"";"https://mothsart.github.io/editeur-svg-interactif.html";"https://github.com/mothsART/editInteractiveSVG";"https://comptoir-du-libre.org/fr/softwares/245";"";"";"";""
85;"eGroupware";"GNU GPLv2";"";"";"";"";"https://www.egroupware.org/en/products/installation-on-your-own-server-free-version/";"https://github.com/EGroupware/egroupware";"https://comptoir-du-libre.org/fr/softwares/85";"";"";"";""
479;"EJBCA";"GNU LGPL";"";"";"";"";"https://www.ejbca.org/";"https://github.com/Keyfactor/ejbca-ce";"https://comptoir-du-libre.org/fr/softwares/479";"";"";"";""
201;"Elastic Search";"Apache License 2.0";"Q3050461";39;"";"";"https://elastic.co/products/elasticsearch";"https://github.com/elastic/elasticsearch";"https://comptoir-du-libre.org/fr/softwares/201";"https://www.wikidata.org/wiki/Q3050461";"https://code.gouv.fr/sill/fr/software?id=39";"";""
349;" Element.io";"Apache License 2.0";"Q47004029";237;"";"riotim";"https://element.io";"https://github.com/vector-im/element-web";"https://comptoir-du-libre.org/fr/softwares/349";"https://www.wikidata.org/wiki/Q47004029";"https://code.gouv.fr/sill/fr/software?id=237";"";"https://framalibre.org/content/riotim"
697;"Émargements";"GNU GPLv3";"";"";"";"";"https://www.philnoug.com/emargements";"https://github.com/philippe-nougaillon/emargements";"https://comptoir-du-libre.org/fr/softwares/697";"";"";"";""
324;"Emmabuntüs";"GNU GPLv3";"";"";"";"";"https://emmabuntus.org/";"https://sourceforge.net/projects/emmabuntus/files/";"https://comptoir-du-libre.org/fr/softwares/324";"";"";"";""
258;"EmonCMS";"GNU aGPL v3";"";"";"";"";"https://emoncms.org/";"https://github.com/emoncms/emoncms";"https://comptoir-du-libre.org/fr/softwares/258";"";"";"";""
693;"EOLE³";"CeCILL V2";"";"";"";"";"https://eole.education/";"https://gitlab.mim-libre.fr/EOLE/eole-3";"https://comptoir-du-libre.org/fr/softwares/693";"";"";"";""
234;"EOLE Amon";"CeCILL V2";"";40;"";"";"http://eole.ac-dijon.fr/documentations/2.9/completes/HTML/EOLE/co/00-introduction.html";"https://dev-eole.ac-dijon.fr/projects/amon";"https://comptoir-du-libre.org/fr/softwares/234";"";"https://code.gouv.fr/sill/fr/software?id=40";"";""
628;"EOLE Hâpy";"CeCILL V2";"";"";"";"";"https://eole.ac-dijon.fr/documentations/2.8/completes/HTML/EOLE/co/00-introduction_1.html";"https://dev-eole.ac-dijon.fr/projects/eole-nebula";"https://comptoir-du-libre.org/fr/softwares/628";"";"";"";""
627;"EOLE Scribe";"CeCILL V2";"";"";"";"";"http://eole.ac-dijon.fr/documentations/2.9/completes/HTML/EOLE/co/00-introduction_3.html";"https://dev-eole.ac-dijon.fr/projects/scribe";"https://comptoir-du-libre.org/fr/softwares/627";"";"";"";""
240;"EOLE Ubuntu";"CeCILL V2";"Q3046024";41;"";"";"https://pcll.ac-dijon.fr/eole/";"https://eole.ac-dijon.fr/documentations/2.9/completes/HTML/EOLE/co/01-PresentationHistoriqueEOLE.html";"https://comptoir-du-libre.org/fr/softwares/240";"https://www.wikidata.org/wiki/Q3046024";"https://code.gouv.fr/sill/fr/software?id=41";"";""
712;"ePoc";"CeCILL-B";"";"";"";"";"https://epoc.inria.fr";"https://gitlab.inria.fr/learninglab/epoc";"https://comptoir-du-libre.org/fr/softwares/712";"";"";"";""
453;"ESOPE";"GNU GPLv2";"";"";"";"";"https://elgg.org/";"https://github.com/Facyla/esope";"https://comptoir-du-libre.org/fr/softwares/453";"";"";"";""
726;"Espace sur Demande";"GNU aGPL v3";"";"";"";"";"https://espacesurdemande.anct.gouv.fr/";"https://gitlab.com/incubateur-territoires/startups/espace-sur-demande/application";"https://comptoir-du-libre.org/fr/softwares/726";"";"";"";""
811;"ESUP-OTP";"Apache License 2.0";"";"";"";"";"https://www.esup-portail.org/wiki/spaces/esupotp/overview";"https://github.com/EsupPortail/esup-otp-api";"https://comptoir-du-libre.org/fr/softwares/811";"";"";"";""
397;"Esup-Pod";"LGPLv3";"Q109851936";210;"";"";"https://pod.esup-portail.org/";"https://github.com/EsupPortail/Esup-Pod";"https://comptoir-du-libre.org/fr/softwares/397";"https://www.wikidata.org/wiki/Q109851936";"https://code.gouv.fr/sill/fr/software?id=210";"";""
630;"Esup-Signature";"Apache License 2.0";"Q116160106";350;"";"";"https://www.esup-portail.org/wiki/display/SIGN/Accueil";"https://github.com/EsupPortail/esup-signature";"https://comptoir-du-libre.org/fr/softwares/630";"https://www.wikidata.org/wiki/Q116160106";"https://code.gouv.fr/sill/fr/software?id=350";"";""
265;"Etherpad";"Apache License 2.0";"";"";"";"";"http://etherpad.org/";"https://github.com/ether/etherpad-lite";"https://comptoir-du-libre.org/fr/softwares/265";"";"";"";""
385;"Exodus-Privacy (standalone)";"GNU aGPL v3";"Q60348651";199;"";"";"https://exodus-privacy.eu.org/fr/";"https://github.com/Exodus-Privacy/exodus-standalone";"https://comptoir-du-libre.org/fr/softwares/385";"https://www.wikidata.org/wiki/Q60348651";"https://code.gouv.fr/sill/fr/software?id=199";"";""
20;"eXo Platform";"GNU aGPL v3";"Q42417120";346;"";"";"https://www.exoplatform.com/fr/";"https://github.com/exoplatform";"https://comptoir-du-libre.org/fr/softwares/20";"https://www.wikidata.org/wiki/Q42417120";"https://code.gouv.fr/sill/fr/software?id=346";"";""
677;"Eyes of Network";"GNU GPLv2";"";"";"";"";"https://www.eyesofnetwork.com/fr";"https://github.com/EyesOfNetworkCommunity";"https://comptoir-du-libre.org/fr/softwares/677";"";"";"";""
745;"Fabrique de Donuts";"GNU aGPL v3";"";"";"";"";"https://fabriquedonuts.fr/";"https://gitlab.villejuif.fr/depots-public/donut_factory";"https://comptoir-du-libre.org/fr/softwares/745";"";"";"";""
597;"Fedora";"GNU GPLv3";"";"";428;"";"https://www.fedoraproject.org/";"https://src.fedoraproject.org/rpms/git";"https://comptoir-du-libre.org/fr/softwares/597";"";"";"https://annuaire.cnll.fr/solutions/428";""
869;"Fichiers";"MIT";"";"";"";"";"https://fichiers.suite.anct.gouv.fr/";"https://github.com/suitenumerique/drive";"https://comptoir-du-libre.org/fr/softwares/869";"";"";"";""
423;"FileSender";"BSD";"";263;"";"";"https://filesender.org/";"https://github.com/filesender/filesender";"https://comptoir-du-libre.org/fr/softwares/423";"";"https://code.gouv.fr/sill/fr/software?id=263";"";""
64;"FileZilla";"GNU GPLv2";"Q300662";43;"";"filezilla";"https://filezilla-project.org/";"https://svn.filezilla-project.org/svn/FileZilla3/trunk";"https://comptoir-du-libre.org/fr/softwares/64";"https://www.wikidata.org/wiki/Q300662";"https://code.gouv.fr/sill/fr/software?id=43";"";"https://framalibre.org/content/filezilla"
82;"Firefox ESR";"Creative Commons Attribution-ShareAlike 3.0 licence (CC BY-SA)";"Q698";89;"";"firefox";"https://www.mozilla.org/en-US/firefox/organizations/all/";"https://github.com/mozilla/gecko-dev.git";"https://comptoir-du-libre.org/fr/softwares/82";"https://www.wikidata.org/wiki/Q698";"https://code.gouv.fr/sill/fr/software?id=89";"";"https://framalibre.org/content/firefox"
184;"Fitnesse";"MIT";"";"";"";"";"http://fitnesse.org/";"https://github.com/unclebob/fitnesse";"https://comptoir-du-libre.org/fr/softwares/184";"";"";"";""
530;"Flask";"BSD";"Q289281";272;113;"";"https://flask.palletsprojects.com";"https://github.com/pallets/flask";"https://comptoir-du-libre.org/fr/softwares/530";"https://www.wikidata.org/wiki/Q289281";"https://code.gouv.fr/sill/fr/software?id=272";"https://annuaire.cnll.fr/solutions/113";""
766;"Fleet";"MIT";"";"";"";"";"https://fleetdm.com";"https://github.com/fleetdm/fleet";"https://comptoir-du-libre.org/fr/softwares/766";"";"";"";""
759;"Flexisip";"GNU GPLv3";"";"";"";"";"https://www.linphone.org/flexisip-serveur-sip/";"https://github.com/BelledonneCommunications/flexisip";"https://comptoir-du-libre.org/fr/softwares/759";"";"";"";""
741;"flop! - Logiciel libre de gestion coopérative et de génération automatique d'emplois du temps";"GNU aGPL v3";"";"";"";"";"https://flop.best";"https://framagit.org/flopedt/flopedt";"https://comptoir-du-libre.org/fr/softwares/741";"";"";"";""
138;"FOG Project";"GNU GPLv3";"Q111132714";241;"";"";"https://fogproject.org/";"https://github.com/FOGProject/";"https://comptoir-du-libre.org/fr/softwares/138";"https://www.wikidata.org/wiki/Q111132714";"https://code.gouv.fr/sill/fr/software?id=241";"";""
460;"Fpart";"BSD";"Q109606717";229;"";"";"https://www.fpart.org/";"https://github.com/martymac/fpart";"https://comptoir-du-libre.org/fr/softwares/460";"https://www.wikidata.org/wiki/Q109606717";"https://code.gouv.fr/sill/fr/software?id=229";"";""
856;"Fractale";"GNU aGPL v3";"";"";"";"";"https://fractale.co";"https://github.com/fractal6";"https://comptoir-du-libre.org/fr/softwares/856";"";"";"";""
284;"Framadate";"CeCILL-B";"";45;"";"";"https://framadate.org/";"https://git.framasoft.org/framasoft/framadate";"https://comptoir-du-libre.org/fr/softwares/284";"";"https://code.gouv.fr/sill/fr/software?id=45";"";""
320;"FreeCAD";"GNU LGPL";"Q251322";337;"";"freecad";"https://www.freecadweb.org/?lang=fr_FR";"https://github.com/FreeCAD/FreeCAD/";"https://comptoir-du-libre.org/fr/softwares/320";"https://www.wikidata.org/wiki/Q251322";"https://code.gouv.fr/sill/fr/software?id=337";"";"https://framalibre.org/content/freecad"
550;"FreeFEM";"LGPLv3";"Q5499643";324;"";"";"https://freefem.org/";"https://github.com/FreeFem/FreeFem-sources";"https://comptoir-du-libre.org/fr/softwares/550";"https://www.wikidata.org/wiki/Q5499643";"https://code.gouv.fr/sill/fr/software?id=324";"";""
52;"FreeFileSync";"GNU GPLv3";"Q18150468";47;"";"freefilesync";"http://www.freefilesync.org/";"https://github.com/feinstaub/freefilesync-pak.git";"https://comptoir-du-libre.org/fr/softwares/52";"https://www.wikidata.org/wiki/Q18150468";"https://code.gouv.fr/sill/fr/software?id=47";"";"https://framalibre.org/content/freefilesync"
280;"FreeIPA";"GNU GPLv3";"";"";"";"";"https://www.freeipa.org";"https://pagure.io/freeipa/";"https://comptoir-du-libre.org/fr/softwares/280";"";"";"";""
429;"FreePascal";"GNU GPLv2";"";225;"";"";"https://www.freepascal.org";"https://svn.freepascal.org/svn/fpc/";"https://comptoir-du-libre.org/fr/softwares/429";"";"https://code.gouv.fr/sill/fr/software?id=225";"";""
798;"FreePbx";"GNU GPLv3";"";"";"";"";"https://www.freepbx.org/";"https://github.com/freepbx";"https://comptoir-du-libre.org/fr/softwares/798";"";"";"";""
61;"Freeplane";"GNU GPLv2";"Q3028675";48;"";"freeplane";"https://docs.freeplane.org/";"https://github.com/freeplane/freeplane.git";"https://comptoir-du-libre.org/fr/softwares/61";"https://www.wikidata.org/wiki/Q3028675";"https://code.gouv.fr/sill/fr/software?id=48";"";"https://framalibre.org/content/freeplane"
415;"French Automation";"GNU GPLv3";"";"";"";"";"https://www.frenchautomation.com";"https://github.com/frenchautomationorg/french-automation-robot";"https://comptoir-du-libre.org/fr/softwares/415";"";"";"";""
46;"FusionDirectory";"GNU GPLv2";"Q96679195";206;"";"";"https://www.fusiondirectory.org/";"https://gitlab.fusiondirectory.org/fusiondirectory/fd";"https://comptoir-du-libre.org/fr/softwares/46";"https://www.wikidata.org/wiki/Q96679195";"https://code.gouv.fr/sill/fr/software?id=206";"";""
698;"FusionDirectory Orchestrator";"GNU GPLv2";"";"";"";"";"https://www.fusiondirectory.org";"https://gitlab.fusiondirectory.org/fusiondirectory/fusiondirectory-orchestrator";"https://comptoir-du-libre.org/fr/softwares/698";"";"";"";""
75;"FusionForge";"GNU GPL";"";"";"";"";"https://fusionforge.org";"https://scm.fusionforge.org/anonscm/git/fusionforge/fusionforge.git ";"https://comptoir-du-libre.org/fr/softwares/75";"";"";"";""
845;"g8";"GNU GPLv3";"";"";"";"";"https://www.the-gate.fr/";"https://github.com/gatesuperapp/g8-invoicing/";"https://comptoir-du-libre.org/fr/softwares/845";"";"";"";""
118;"Gadael - Gestion des congés";"MIT";"";"";"";"";"https://github.com/gadael/gadael";"https://github.com/gadael/gadael";"https://comptoir-du-libre.org/fr/softwares/118";"";"";"";""
866;"Galette";"GNU GPLv3";"";"";"";"";"https://galette.eu";"https://github.com/galette/galette/";"https://comptoir-du-libre.org/fr/softwares/866";"";"";"";""
525;"GanttProject";"GNU GPLv3";"Q1493695";260;"";"ganttproject";"https://www.ganttproject.biz";"https://github.com/bardsoftware/ganttproject";"https://comptoir-du-libre.org/fr/softwares/525";"https://www.wikidata.org/wiki/Q1493695";"https://code.gouv.fr/sill/fr/software?id=260";"";"https://framalibre.org/content/ganttproject"
447;"GCompris";"GNU aGPL v3";"Q1147042";290;"";"gcompris";"https://gcompris.net/";"https://invent.kde.org/education/gcompris.git";"https://comptoir-du-libre.org/fr/softwares/447";"https://www.wikidata.org/wiki/Q1147042";"https://code.gouv.fr/sill/fr/software?id=290";"";"https://framalibre.org/content/gcompris"
504;"GDL - GNU Data Language";"GNU GPLv2";"Q929932";255;"";"";"https://gnudatalanguage.github.io/";"https://github.com/gnudatalanguage/gdl";"https://comptoir-du-libre.org/fr/softwares/504";"https://www.wikidata.org/wiki/Q929932";"https://code.gouv.fr/sill/fr/software?id=255";"";""
839;"Geocontrib";"GNU aGPL v3";"";"";"";"";"https://www.onegeosuite.fr/docs/solution_geocontrib";"https://git.neogeo.fr/geocontrib/";"https://comptoir-du-libre.org/fr/softwares/839";"";"";"";""
399;"GeoMapFish";"BSD";"";"";"";"";"https://geomapfish.org/";"https://github.com/camptocamp/c2cgeoportal";"https://comptoir-du-libre.org/fr/softwares/399";"";"";"";""
125;"GeoNature";"GNU GPLv3";"Q109038131";288;"";"";"http://geonature.fr";"https://github.com/PnX-SI/GeoNature";"https://comptoir-du-libre.org/fr/softwares/125";"https://www.wikidata.org/wiki/Q109038131";"https://code.gouv.fr/sill/fr/software?id=288";"";""
814;"Geonetwork";"GNU GPLv2";"";"";"";"";"https://geonetwork-opensource.org/";"https://github.com/geonetwork";"https://comptoir-du-libre.org/fr/softwares/814";"";"";"";""
334;"geOrchestra";"GNU GPLv3";"Q112611351";286;"";"";"https://www.georchestra.org/fr/";"https://github.com/georchestra/georchestra";"https://comptoir-du-libre.org/fr/softwares/334";"https://www.wikidata.org/wiki/Q112611351";"https://code.gouv.fr/sill/fr/software?id=286";"";""
663;"GeoRivière";"BSD";"";"";"";"";"https://georiviere.fr/";"https://github.com/Georiviere/Georiviere-admin";"https://comptoir-du-libre.org/fr/softwares/663";"";"";"";""
813;"Geoserver";"GNU GPL";"";"";"";"";"https://geoserver.org/";"https://github.com/geoserver/geoserver";"https://comptoir-du-libre.org/fr/softwares/813";"";"";"";""
124;"Geotrek";"BSD";"Q116819111";289;"";"";"http://geotrek.fr";"https://github.com/GeotrekCE";"https://comptoir-du-libre.org/fr/softwares/124";"https://www.wikidata.org/wiki/Q116819111";"https://code.gouv.fr/sill/fr/software?id=289";"";""
335;"GestSup";"GNU GPLv3";"";"";"";"";"https://gestsup.fr/";"https://gestsup.fr/index.php?page=download";"https://comptoir-du-libre.org/fr/softwares/335";"";"";"";""
67;"GIMP";"GNU GPLv3";"Q8038";51;431;"gimp";"https://www.gimp.org/";"https://gitlab.gnome.org/GNOME/gimp";"https://comptoir-du-libre.org/fr/softwares/67";"https://www.wikidata.org/wiki/Q8038";"https://code.gouv.fr/sill/fr/software?id=51";"https://annuaire.cnll.fr/solutions/431";"https://framalibre.org/content/gimp"
175;"Git";"GNU GPLv2";"Q186055";52;56;"";"https://git-scm.com/";"https://git.kernel.org/pub/scm/git/git.git/";"https://comptoir-du-libre.org/fr/softwares/175";"https://www.wikidata.org/wiki/Q186055";"https://code.gouv.fr/sill/fr/software?id=52";"https://annuaire.cnll.fr/solutions/56";""
363;"Git-Crypt";"GNU GPLv3";"";181;"";"";"https://www.agwa.name/projects/git-crypt/";"https://github.com/AGWA/git-crypt";"https://comptoir-du-libre.org/fr/softwares/363";"";"https://code.gouv.fr/sill/fr/software?id=181";"";""
605;"Gitea";"MIT";"Q28714270";369;"";"";"https://gitea.io/";"https://github.com/go-gitea/gitea";"https://comptoir-du-libre.org/fr/softwares/605";"https://www.wikidata.org/wiki/Q28714270";"https://code.gouv.fr/sill/fr/software?id=369";"";""
198;"Gitlab";"MIT";"Q16639197";53;"";"gitlab";"https://about.gitlab.com/";"https://gitlab.com/gitlab-org/gitlab-ce";"https://comptoir-du-libre.org/fr/softwares/198";"https://www.wikidata.org/wiki/Q16639197";"https://code.gouv.fr/sill/fr/software?id=53";"";"https://framalibre.org/content/gitlab"
516;"GitLanding";"MIT";"Q112595096";285;"";"";"https://www.gitlanding.dev/";"https://github.com/thieryw/gitlanding";"https://comptoir-du-libre.org/fr/softwares/516";"https://www.wikidata.org/wiki/Q112595096";"https://code.gouv.fr/sill/fr/software?id=285";"";""
35;"GLPI";"GNU GPLv2";"Q3104570";54;"";"glpi";"http://glpi-project.org";"https://github.com/glpi-project/glpi.git";"https://comptoir-du-libre.org/fr/softwares/35";"https://www.wikidata.org/wiki/Q3104570";"https://code.gouv.fr/sill/fr/software?id=54";"";"https://framalibre.org/content/glpi"
93;"GLPI Plugin:AdditionalAlerts";"GNU GPLv2";"";3;"";"";"http://plugins.glpi-project.org/#/plugin/additionalalerts";"https://github.com/InfotelGLPI/additionalalerts.git";"https://comptoir-du-libre.org/fr/softwares/93";"";"https://code.gouv.fr/sill/fr/software?id=3";"";""
95;"GLPI Plugin Behaviors";"CeCILL V2";"";17;"";"";"http://plugins.glpi-project.org/#/search/Behaviors";"https://forge.glpi-project.org/projects/behaviors/repository";"https://comptoir-du-libre.org/fr/softwares/95";"";"https://code.gouv.fr/sill/fr/software?id=17";"";""
92;"GLPI Plugin:Data Injection";"GNU GPLv2";"";29;"";"";"http://plugins.glpi-project.org/#/plugin/datainjection";"https://github.com/pluginsGLPI/datainjection.git";"https://comptoir-du-libre.org/fr/softwares/92";"";"https://code.gouv.fr/sill/fr/software?id=29";"";""
296;"GLPI Plugin:Escalation";"GNU aGPL v3";"";42;"";"";"https://plugins.glpi-project.org/#/plugin/escalation";"https://github.com/ddurieux/glpi_escalation";"https://comptoir-du-libre.org/fr/softwares/296";"";"https://code.gouv.fr/sill/fr/software?id=42";"";""
84;"GLPI Plugin FusionInventory";"Creative Commons Attribution-ShareAlike 3.0 licence (CC BY-SA)";"";49;"";"";"http://fusioninventory.org";"https://github.com/fusioninventory/fusioninventory-for-glpi";"https://comptoir-du-libre.org/fr/softwares/84";"";"https://code.gouv.fr/sill/fr/software?id=49";"";""
297;"GLPI Plugin:https:Geststock";"GNU aGPL v3";"";"";"";"";"https://plugins.glpi-project.org/#/plugin/geststock";"https://github.com/yllen/geststock";"https://comptoir-du-libre.org/fr/softwares/297";"";"";"";""
91;"GLPI Plugin:OCS Inventory Ng";"GNU GPLv2";"";102;"";"";"https://github.com/pluginsGLPI/ocsinventoryng";"https://github.com/pluginsGLPI/ocsinventoryng.git";"https://comptoir-du-libre.org/fr/softwares/91";"";"https://code.gouv.fr/sill/fr/software?id=102";"";""
299;"GLPI Plugin:PDF";"GNU aGPL v3";"";111;"";"";"https://plugins.glpi-project.org/#/plugin/pdf";"https://forge.glpi-project.org/projects/pdf/repository";"https://comptoir-du-libre.org/fr/softwares/299";"";"https://code.gouv.fr/sill/fr/software?id=111";"";""
298;"GLPI Plugin:Reports";"GNU aGPL v3";"";123;"";"";"https://plugins.glpi-project.org/#/plugin/reports";"https://forge.glpi-project.org/projects/reports/repository";"https://comptoir-du-libre.org/fr/softwares/298";"";"https://code.gouv.fr/sill/fr/software?id=123";"";""
96;"GLPI Plugin:Timelineticket";"GNU aGPL v3";"";148;"";"";"http://plugins.glpi-project.org/#/plugin/timelineticket";"https://github.com/pluginsGLPI/timelineticket.git";"https://comptoir-du-libre.org/fr/softwares/96";"";"https://code.gouv.fr/sill/fr/software?id=148";"";""
94;"GLPI Plugin:Uninstall";"GNU GPLv2";"";151;"";"";"http://plugins.glpi-project.org/#/plugin/uninstall";"https://github.com/pluginsGLPI/uninstall.git";"https://comptoir-du-libre.org/fr/softwares/94";"";"https://code.gouv.fr/sill/fr/software?id=151";"";""
295;"GLPI Plugin:WebServices";"GNU aGPL v3";"";160;"";"";"https://plugins.glpi-project.org/#/plugin/webservices";"https://forge.glpi-project.org/projects/webservices/repository";"https://comptoir-du-libre.org/fr/softwares/295";"";"https://code.gouv.fr/sill/fr/software?id=160";"";""
531;"G'MIC";"CeCILL-B";"Q21041255";271;"";"";"http://gmic.eu";"https://github.com/GreycLab/gmic";"https://comptoir-du-libre.org/fr/softwares/531";"https://www.wikidata.org/wiki/Q21041255";"https://code.gouv.fr/sill/fr/software?id=271";"";""
617;"GNOME";"GNU GPL";"Q44316";393;433;"";"https://www.gnome.org/";"https://gitlab.gnome.org/explore/projects";"https://comptoir-du-libre.org/fr/softwares/617";"https://www.wikidata.org/wiki/Q44316";"https://code.gouv.fr/sill/fr/software?id=393";"https://annuaire.cnll.fr/solutions/433";""
792;"GnuCash";"GNU GPLv3";"";"";"";"";"https://www.gnucash.org/";"https://github.com/Gnucash/";"https://comptoir-du-libre.org/fr/softwares/792";"";"";"";""
562;"GNU Emacs";"GNU GPLv3";"Q1252773";174;"";"gnu-emacs";"https://www.gnu.org/software/emacs/";"https://git.savannah.gnu.org/cgit/emacs.git";"https://comptoir-du-libre.org/fr/softwares/562";"https://www.wikidata.org/wiki/Q1252773";"https://code.gouv.fr/sill/fr/software?id=174";"";"https://framalibre.org/content/gnu-emacs"
618;"GNU Nano";"GNU GPL";"Q306101";394;"";"";"https://www.nano-editor.org/";"https://git.savannah.gnu.org/cgit/nano.git";"https://comptoir-du-libre.org/fr/softwares/618";"https://www.wikidata.org/wiki/Q306101";"https://code.gouv.fr/sill/fr/software?id=394";"";""
547;"GNU Octave";"GNU GPLv3";"Q223679";321;"";"gnu-octave";"https://octave.org";"https://hg.savannah.gnu.org/hgweb/octave";"https://comptoir-du-libre.org/fr/softwares/547";"https://www.wikidata.org/wiki/Q223679";"https://code.gouv.fr/sill/fr/software?id=321";"";"https://framalibre.org/content/gnu-octave"
548;"GNU TeXmacs";"GNU GPLv3";"Q1464634";322;"";"";"https://www.texmacs.org";"https://svn.savannah.gnu.org/viewvc/texmacs/";"https://comptoir-du-libre.org/fr/softwares/548";"https://www.wikidata.org/wiki/Q1464634";"https://code.gouv.fr/sill/fr/software?id=322";"";""
427;"GoFAST Digital Workplace";"LGPLv3";"";"";"";"";"https://ceo-vision.com/";"https://github.com/CEO-Vision/gofast";"https://comptoir-du-libre.org/fr/softwares/427";"";"";"";""
843;"GoGoCarto";"GNU aGPL v3";"";"";"";"";"https://gogocarto.fr";"https://gitlab.com/Seballot/gogocarto";"https://comptoir-du-libre.org/fr/softwares/843";"";"";"";""
572;"Goupile";"LGPLv3";"Q120131804";403;"";"";"https://goupile.fr";"https://framagit.org/interhop/goupile";"https://comptoir-du-libre.org/fr/softwares/572";"https://www.wikidata.org/wiki/Q120131804";"https://code.gouv.fr/sill/fr/software?id=403";"";""
625;"GParted";"GNU GPLv2";"Q843156";402;"";"";"https://gparted.org/";"https://github.com/GNOME/gparted";"https://comptoir-du-libre.org/fr/softwares/625";"https://www.wikidata.org/wiki/Q843156";"https://code.gouv.fr/sill/fr/software?id=402";"";""
373;"Grafana";"Apache License 2.0";"Q43399271";188;"";"";"https://grafana.com/";"https://github.com/grafana/grafana";"https://comptoir-du-libre.org/fr/softwares/373";"https://www.wikidata.org/wiki/Q43399271";"https://code.gouv.fr/sill/fr/software?id=188";"";""
79;"Grammalecte";"GNU GPLv3";"Q17629243";57;"";"";"http://www.dicollecte.org/grammalecte/";"http://www.dicollecte.org/grammalecte/";"https://comptoir-du-libre.org/fr/softwares/79";"https://www.wikidata.org/wiki/Q17629243";"https://code.gouv.fr/sill/fr/software?id=57";"";""
404;"Gravitee CE";"Apache License 2.0";"Q97819945";217;"";"";"https://docs.gravitee.io";"https://github.com/gravitee-io";"https://comptoir-du-libre.org/fr/softwares/404";"https://www.wikidata.org/wiki/Q97819945";"https://code.gouv.fr/sill/fr/software?id=217";"";""
263;"Graylog";"GNU GPLv3";"";"";"";"";"https://www.graylog.org/";"https://github.com/Graylog2/graylog2-server";"https://comptoir-du-libre.org/fr/softwares/263";"";"";"";""
56;"Greenshot";"GNU GPL";"Q1544791";58;"";"";"http://greenshot.fr";"https://github.com/greenshot/greenshot.git";"https://comptoir-du-libre.org/fr/softwares/56";"https://www.wikidata.org/wiki/Q1544791";"https://code.gouv.fr/sill/fr/software?id=58";"";""
785;"Grisbi";"GNU GPL";"";"";"";"";"https://fr.grisbi.org/";"https://github.com/grisbi/grisbi";"https://comptoir-du-libre.org/fr/softwares/785";"";"";"";""
659;"Grist";"Apache License 2.0";"";"";"";"";"https://www.getgrist.com/";"https://github.com/gristlabs/grist-core";"https://comptoir-du-libre.org/fr/softwares/659";"";"";"";""
505;"Groff";"GNU GPLv3";"Q288684";309;"";"";"https://www.gnu.org/software/groff/";"https://git.savannah.gnu.org/cgit/groff.git";"https://comptoir-du-libre.org/fr/softwares/505";"https://www.wikidata.org/wiki/Q288684";"https://code.gouv.fr/sill/fr/software?id=309";"";""
43;"GRR - Gestion Réservation de Ressources";"GNU GPL";"";"";"";"";"https://grr.devome.com/fr/";"https://github.com/JeromeDevome/GRR";"https://comptoir-du-libre.org/fr/softwares/43";"";"";"";""
194;"H2";"Mozilla Public License, version 2.0";"Q1562670";59;"";"";"http://www.h2database.com";"https://github.com/h2database/h2database";"https://comptoir-du-libre.org/fr/softwares/194";"https://www.wikidata.org/wiki/Q1562670";"https://code.gouv.fr/sill/fr/software?id=59";"";""
651;"HandBrake";"GNU GPLv2";"";"";"";"";"https://handbrake.fr/";"https://github.com/HandBrake/HandBrake";"https://comptoir-du-libre.org/fr/softwares/651";"";"";"";""
237;"HAProxy";"GNU GPLv2";"Q5628948";60;"";"";"http://www.haproxy.org/";"https://git.haproxy.org/?p=haproxy.git";"https://comptoir-du-libre.org/fr/softwares/237";"https://www.wikidata.org/wiki/Q5628948";"https://code.gouv.fr/sill/fr/software?id=60";"";""
807;"Harbor";"Apache License 2.0";"";"";"";"";"https://goharbor.io/";"https://github.com/goharbor/harbor";"https://comptoir-du-libre.org/fr/softwares/807";"";"";"";""
226;"HashiCorp Consul";"Mozilla Public License, version 2.0";"Q28709844";26;"";"";"https://www.consul.io/";"https://github.com/hashicorp/consul";"https://comptoir-du-libre.org/fr/softwares/226";"https://www.wikidata.org/wiki/Q28709844";"https://code.gouv.fr/sill/fr/software?id=26";"";""
763;"Headwind MDM";"Apache License 2.0";"";"";"";"";"https://h-mdm.com";"https://github.com/h-mdm/hmdm-server";"https://comptoir-du-libre.org/fr/softwares/763";"";"";"";""
422;"HedgeDoc";"GNU aGPL v3";"";223;"";"";"https://hedgedoc.org";"https://github.com/hedgedoc/hedgedoc";"https://comptoir-du-libre.org/fr/softwares/422";"";"https://code.gouv.fr/sill/fr/software?id=223";"";""
613;"HeidiSQL";"GNU GPLv2";"";"";"";"";"https://www.heidisql.com/";"https://github.com/HeidiSQL/HeidiSQL";"https://comptoir-du-libre.org/fr/softwares/613";"";"";"";""
810;"HEIMDALL";"GNU aGPL v3";"";"";"";"";"https://datasphere.readthedocs.io/projects/heimdall/";"https://gitlab.huma-num.fr/datasphere/heimdall/python";"https://comptoir-du-libre.org/fr/softwares/810";"";"";"";""
705;"HiveMQ CE";"Apache License 2.0";"";"";"";"";"https://www.hivemq.com/";"https://github.com/HiveMQ";"https://comptoir-du-libre.org/fr/softwares/705";"";"";"";""
671;"Homarr";"MIT";"";"";"";"";"https://demo.homarr.dev/board";"https://github.com/ajnart/homarr";"https://comptoir-du-libre.org/fr/softwares/671";"";"";"";""
513;"Homebrew";"BSD";"Q11223506";297;"";"";"https://brew.sh";"https://github.com/Homebrew/brew";"https://comptoir-du-libre.org/fr/softwares/513";"https://www.wikidata.org/wiki/Q11223506";"https://code.gouv.fr/sill/fr/software?id=297";"";""
606;"Hugo";"Apache License 2.0";"";"";"";"";"https://gohugo.io/";"https://github.com/gohugoio/hugo";"https://comptoir-du-libre.org/fr/softwares/606";"";"";"";""
15;"idelibre";"GNU aGPL v3";"";"";"";"";"https://www.libriciel.fr/logiciels/idelibre/";"https://gitlab.adullact.net/Libriciel/idelibre/idelibre";"https://comptoir-du-libre.org/fr/softwares/15";"";"";"";""
501;"ILIAS";"GNU GPLv3";"Q1623223";251;"";"";"https://www.ilias.de";"https://github.com/ILIAS-eLearning/ILIAS";"https://comptoir-du-libre.org/fr/softwares/501";"https://www.wikidata.org/wiki/Q1623223";"https://code.gouv.fr/sill/fr/software?id=251";"";""
546;"ImageJ";"Propriètaire";"";313;"";"";"https://imagej.nih.gov/ij";"https://github.com/imagej/ImageJ";"https://comptoir-du-libre.org/fr/softwares/546";"";"https://code.gouv.fr/sill/fr/software?id=313";"";""
855;"imapsync";"MIT";"";"";"";"";"https://imapsync.lamiral.info/";"https://imapsync.lamiral.info/dist/";"https://comptoir-du-libre.org/fr/softwares/855";"";"";"";""
319;"Information System Designer";"EPL Eclipse Public License";"Q112578937";62;"";"";"https://isdesigner.org";"https://github.com/ObeoNetwork/InformationSystem";"https://comptoir-du-libre.org/fr/softwares/319";"https://www.wikidata.org/wiki/Q112578937";"https://code.gouv.fr/sill/fr/software?id=62";"";""
68;"Inkscape";"GNU GPLv2";"Q8041";61;"";"inkscape";"https://inkscape.org/fr/";"https://github.com/inkscape/inkscape.git";"https://comptoir-du-libre.org/fr/softwares/68";"https://www.wikidata.org/wiki/Q8041";"https://code.gouv.fr/sill/fr/software?id=61";"";"https://framalibre.org/content/inkscape"
4;"iparapheur";"GNU aGPL v3";"Q114244260";333;"";"";"https://www.libriciel.fr/logiciels/iparapheur/";"https://adullact.net/projects/paraphelec/";"https://comptoir-du-libre.org/fr/softwares/4";"https://www.wikidata.org/wiki/Q114244260";"https://code.gouv.fr/sill/fr/software?id=333";"";""
848;"IRUNDO AD";"GNU GPLv3";"";"";"";"";"https://www.irundo.fr/";"https://gitlab.sambaedu.org/sambaedu/se4";"https://comptoir-du-libre.org/fr/softwares/848";"";"";"";""
347;"Ishtar";"GNU aGPL v3";"";"";"";"";"https://ishtar-archeo.net/";"https://gitlab.com/iggdrasil/ishtar";"https://comptoir-du-libre.org/fr/softwares/347";"";"";"";""
403;"iTop";"GNU aGPL v3";"";264;"";"";"https://www.combodo.com/itop";"https://github.com/Combodo/iTop";"https://comptoir-du-libre.org/fr/softwares/403";"";"https://code.gouv.fr/sill/fr/software?id=264";"";""
472;"ITSM NG";"GNU GPLv2";"";"";"";"";"https://www.itsm-ng.com/";"https://github.com/itsmng/itsm-ng";"https://comptoir-du-libre.org/fr/softwares/472";"";"";"";""
678;"Ivipop";"GNU GPLv3";"";"";"";"";"https://ivipop.com";"https://github.com/Ivipop/ivipop.com";"https://comptoir-du-libre.org/fr/softwares/678";"";"";"";""
499;"JabRef";"MIT";"Q1676802";246;"";"jabref";"https://www.jabref.org";"https://github.com/JabRef/jabref";"https://comptoir-du-libre.org/fr/softwares/499";"https://www.wikidata.org/wiki/Q1676802";"https://code.gouv.fr/sill/fr/software?id=246";"";"https://framalibre.org/content/jabref"
182;"JaCoCo";"MIT";"Q6109486";63;"";"";"https://www.jacoco.org/jacoco/";"https://github.com/jacoco/jacoco";"https://comptoir-du-libre.org/fr/softwares/182";"https://www.wikidata.org/wiki/Q6109486";"https://code.gouv.fr/sill/fr/software?id=63";"";""
192;"Jailer";"Apache License 2.0";"";64;"";"";"http://jailer.sourceforge.net/";"https://github.com/Wisser/Jailer";"https://comptoir-du-libre.org/fr/softwares/192";"";"https://code.gouv.fr/sill/fr/software?id=64";"";""
787;"Jami";"GNU GPLv3";"";"";"";"";"https://jami.net";"https://git.jami.net/savoirfairelinux";"https://comptoir-du-libre.org/fr/softwares/787";"";"";"";""
145;"JasperReports";"LGPLv3";"";"";"";"";"https://community.jaspersoft.com/project/jasperreports-library";"https://github.com/TIBCOSoftware/jasperreports";"https://comptoir-du-libre.org/fr/softwares/145";"";"";"";""
195;"JavaMelody";"Apache License 2.0";"";65;"";"";"https://github.com/javamelody/javamelody/wiki";"https://github.com/javamelody/javamelody";"https://comptoir-du-libre.org/fr/softwares/195";"";"https://code.gouv.fr/sill/fr/software?id=65";"";""
134;"J-Doc";"GNU aGPL v3";"";"";"";"";"https://www.j-doc.com";"https://www.j-doc.com/page-de-telechargement-de-j-doc.html";"https://comptoir-du-libre.org/fr/softwares/134";"";"";"";""
356;"Jekyll";"MIT";"Q17067385";173;"";"";"https://jekyllrb.com/";"https://github.com/jekyll/jekyll";"https://comptoir-du-libre.org/fr/softwares/356";"https://www.wikidata.org/wiki/Q17067385";"https://code.gouv.fr/sill/fr/software?id=173";"";""
187;"Jenkins";"MIT";"Q7491312";66;"";"";"https://jenkins.io/";"https://github.com/jenkinsci/jenkins";"https://comptoir-du-libre.org/fr/softwares/187";"https://www.wikidata.org/wiki/Q7491312";"https://code.gouv.fr/sill/fr/software?id=66";"";""
65;"Jitsi";"Apache License 2.0";"Q87849488";67;"";"";"https://jitsi.org";"https://github.com/jitsi/jitsi";"https://comptoir-du-libre.org/fr/softwares/65";"https://www.wikidata.org/wiki/Q87849488";"https://code.gouv.fr/sill/fr/software?id=67";"";""
259;"Joomla!";"GNU GPL";"Q13167";435;344;"";"https://www.joomla.fr/";"https://www.joomla.fr/joomla/telecharger-joomla";"https://comptoir-du-libre.org/fr/softwares/259";"https://www.wikidata.org/wiki/Q13167";"https://code.gouv.fr/sill/fr/software?id=435";"https://annuaire.cnll.fr/solutions/344";""
332;"JOPLIN";"GNU aGPL v3";"Q97175797";312;"";"joplin";"https://joplinapp.org";"https://github.com/laurent22/joplin";"https://comptoir-du-libre.org/fr/softwares/332";"https://www.wikidata.org/wiki/Q97175797";"https://code.gouv.fr/sill/fr/software?id=312";"";"https://framalibre.org/content/joplin"
45;"Jorani";"GNU aGPL v3";"";"";"";"";"http://fr.jorani.org";"https://github.com/bbalet/jorani.git";"https://comptoir-du-libre.org/fr/softwares/45";"";"";"";""
390;"JOSM";"GNU GPLv2";"Q12877";207;"";"";"https://josm.openstreetmap.de/";"https://josm.openstreetmap.de/svn/trunk";"https://comptoir-du-libre.org/fr/softwares/390";"https://www.wikidata.org/wiki/Q12877";"https://code.gouv.fr/sill/fr/software?id=207";"";""
614;"JSON-NTV";"MIT";"";"";"";"";"https://github.com/loco-philippe/NTV#readme";"https://github.com/loco-philippe/NTV#readme";"https://comptoir-du-libre.org/fr/softwares/614";"";"";"";""
183;"JUnit";"Apache License 2.0";"Q847675";69;"";"";"https://junit.org";"https://github.com/junit-team/junit5";"https://comptoir-du-libre.org/fr/softwares/183";"https://www.wikidata.org/wiki/Q847675";"https://code.gouv.fr/sill/fr/software?id=69";"";""
545;"JupyterLab";"BSD";"Q99439725";317;"";"";"https://jupyterlab.readthedocs.io";"https://github.com/jupyterlab/jupyterlab";"https://comptoir-du-libre.org/fr/softwares/545";"https://www.wikidata.org/wiki/Q99439725";"https://code.gouv.fr/sill/fr/software?id=317";"";""
544;"Jupyter Notebook";"BSD";"Q105099901";316;"";"";"https://jupyter.org";"https://github.com/jupyter/notebook";"https://comptoir-du-libre.org/fr/softwares/544";"https://www.wikidata.org/wiki/Q105099901";"https://code.gouv.fr/sill/fr/software?id=316";"";""
286;"K-9 Mail";"Apache License 2.0";"Q14565723";70;"";"k-9-mail";"https://k9mail.github.io/";"https://github.com/k9mail/k-9";"https://comptoir-du-libre.org/fr/softwares/286";"https://www.wikidata.org/wiki/Q14565723";"https://code.gouv.fr/sill/fr/software?id=70";"";"https://framalibre.org/content/k-9-mail"
148;"Kanboard";"MIT";"Q106199750";331;"";"";"https://kanboard.org/";"https://github.com/kanboard/kanboard";"https://comptoir-du-libre.org/fr/softwares/148";"https://www.wikidata.org/wiki/Q106199750";"https://code.gouv.fr/sill/fr/software?id=331";"";""
509;"Kate";"GNU LGPL";"Q261933";304;"";"kate";"https://kate-editor.org/fr/";"https://invent.kde.org/utilities/kate";"https://comptoir-du-libre.org/fr/softwares/509";"https://www.wikidata.org/wiki/Q261933";"https://code.gouv.fr/sill/fr/software?id=304";"";"https://framalibre.org/content/kate"
392;"Kdenlive";"GNU GPLv3";"Q572226";306;"";"kdenlive";"https://kdenlive.org/fr/";"https://invent.kde.org/multimedia/kdenlive";"https://comptoir-du-libre.org/fr/softwares/392";"https://www.wikidata.org/wiki/Q572226";"https://code.gouv.fr/sill/fr/software?id=306";"";"https://framalibre.org/content/kdenlive"
507;"KDE Plasma 5";"GNU GPLv2";"Q17363870";308;"";"";"https://kde.org/fr/plasma-desktop/";"https://invent.kde.org/plasma";"https://comptoir-du-libre.org/fr/softwares/507";"https://www.wikidata.org/wiki/Q17363870";"https://code.gouv.fr/sill/fr/software?id=308";"";""
293;"KeeFox";"GNU GPL";"Q61694243";71;"";"";"https://addons.mozilla.org/fr/firefox/addon/keefox/";"https://github.com/kee-org/browser-addon";"https://comptoir-du-libre.org/fr/softwares/293";"https://www.wikidata.org/wiki/Q61694243";"https://code.gouv.fr/sill/fr/software?id=71";"";""
50;"KeePass";"GNU GPLv3";"Q762660";72;"";"keepass";"http://keepass.info/";"https://svn.code.sf.net/p/keepass/code/trunk";"https://comptoir-du-libre.org/fr/softwares/50";"https://www.wikidata.org/wiki/Q762660";"https://code.gouv.fr/sill/fr/software?id=72";"";"https://framalibre.org/content/keepass"
748;"keepass XC";"GNU GPLv3";"";"";"";"";"https://keepassxc.org/";"https://keepassxc.org/download/";"https://comptoir-du-libre.org/fr/softwares/748";"";"";"";""
301;"KEYCLOAK";"Apache License 2.0";"Q42916195";73;"";"";"https://www.keycloak.org/";"https://github.com/keycloak/keycloak";"https://comptoir-du-libre.org/fr/softwares/301";"https://www.wikidata.org/wiki/Q42916195";"https://code.gouv.fr/sill/fr/software?id=73";"";""
458;"Keycloakify";"MIT";"Q107693197";227;"";"";"https://github.com/InseeFrLab/keycloakify";"https://github.com/InseeFrLab/keycloakify";"https://comptoir-du-libre.org/fr/softwares/458";"https://www.wikidata.org/wiki/Q107693197";"https://code.gouv.fr/sill/fr/software?id=227";"";""
202;"Kibana";"Apache License 2.0";"Q21156460";74;"";"";"https://www.elastic.co/products/kibana";"https://github.com/elastic/kibana";"https://comptoir-du-libre.org/fr/softwares/202";"https://www.wikidata.org/wiki/Q21156460";"https://code.gouv.fr/sill/fr/software?id=74";"";""
473;"KiCad";"GNU GPLv3";"Q942363";259;"";"";"https://www.kicad.org/";"https://gitlab.com/kicad";"https://comptoir-du-libre.org/fr/softwares/473";"https://www.wikidata.org/wiki/Q942363";"https://code.gouv.fr/sill/fr/software?id=259";"";""
535;"KiTTY";"MIT";"";279;"";"";"http://www.9bis.net/kitty/";"https://github.com/cyd01/KiTTY";"https://comptoir-du-libre.org/fr/softwares/535";"";"https://code.gouv.fr/sill/fr/software?id=279";"";""
533;"Kleopatra";"GNU GPLv2";"";310;"";"";"https://apps.kde.org/fr/kleopatra/";"https://invent.kde.org/pim/kleopatra";"https://comptoir-du-libre.org/fr/softwares/533";"";"https://code.gouv.fr/sill/fr/software?id=310";"";""
348;"Koha";"GNU GPLv3";"Q1114959";236;"";"koha";"https://koha-community.org";"https://git.koha-community.org/Koha-community/Koha";"https://comptoir-du-libre.org/fr/softwares/348";"https://www.wikidata.org/wiki/Q1114959";"https://code.gouv.fr/sill/fr/software?id=236";"";"https://framalibre.org/content/koha"
369;"Krita";"GNU GPLv3";"";"";"";"";"https://krita.org/fr/";"https://krita.org/fr/telechargement/krita-desktop/";"https://comptoir-du-libre.org/fr/softwares/369";"";"";"";""
219;"Kubernetes";"Apache License 2.0";"Q22661306";75;450;"";"https://kubernetes.io/";"https://github.com/kubernetes/kubernetes";"https://comptoir-du-libre.org/fr/softwares/219";"https://www.wikidata.org/wiki/Q22661306";"https://code.gouv.fr/sill/fr/software?id=75";"https://annuaire.cnll.fr/solutions/450";""
449;"Kuzzle IoT";"Apache License 2.0";"";"";"";"";"https://kuzzle.io";"https://github.com/kuzzleio";"https://comptoir-du-libre.org/fr/softwares/449";"";"";"";""
220;"KVM";"GNU LGPL";"Q377539";76;"";"";"http://www.linux-kvm.org/";"https://git.kernel.org/pub/scm/virt/kvm/";"https://comptoir-du-libre.org/fr/softwares/220";"https://www.wikidata.org/wiki/Q377539";"https://code.gouv.fr/sill/fr/software?id=76";"";""
542;"LaTeX";"Propriètaire";"Q5310";314;"";"";"https://www.latex-project.org/";"https://github.com/latex3/latex2e";"https://comptoir-du-libre.org/fr/softwares/542";"https://www.wikidata.org/wiki/Q5310";"https://code.gouv.fr/sill/fr/software?id=314";"";""
430;"Lazarus IDE";"GNU GPLv2";"";224;"";"";"https://www.lazarus-ide.org";"https://svn.freepascal.org/svn/lazarus/";"https://comptoir-du-libre.org/fr/softwares/430";"";"https://code.gouv.fr/sill/fr/software?id=224";"";""
100;"LDAP Synchronisation connector";"BSD";"";262;"";"";"https://lsc-project.org";"https://github.com/lsc-project/lsc";"https://comptoir-du-libre.org/fr/softwares/100";"";"https://code.gouv.fr/sill/fr/software?id=262";"";""
102;"LDAP Tool Box Self Service Password";"GNU GPLv3";"";"";"";"";"https://ltb-project.org/documentation/self-service-password";"https://github.com/ltb-project/self-service-password";"https://comptoir-du-libre.org/fr/softwares/102";"";"";"";""
435;"LDAP Tool Box Service Desk";"GNU GPLv3";"";"";"";"";"https://ltb-project.org/documentation/service-desk";"https://github.com/ltb-project/service-desk";"https://comptoir-du-libre.org/fr/softwares/435";"";"";"";""
103;"LDAP Tool Box White Pages";"GNU GPLv3";"";"";"";"";"https://ltb-project.org/documentation/white-pages";"https://github.com/ltb-project/white-pages";"https://comptoir-du-libre.org/fr/softwares/103";"";"";"";""
709;"LeBonTag";"GNU GPLv3";"";"";"";"";"https://www.lebontag.fr/";"https://gitlab.com/Geonov/le-bon-tag";"https://comptoir-du-libre.org/fr/softwares/709";"";"";"";""
793;"Le journalier d'équipe: Plat-Com";"GNU aGPL v3";"";"";"";"";"https://www.hubpeople.be/le-journalier-d-equipe";"https://www.geezteem.com/455";"https://comptoir-du-libre.org/fr/softwares/793";"";"";"";""
101;"LemonLDAP NG";"GNU GPLv2";"Q3229380";77;"";"lemonldapng";"https://www.lemonldap-ng.org";"https://gitlab.ow2.org/lemonldap-ng/lemonldap-ng";"https://comptoir-du-libre.org/fr/softwares/101";"https://www.wikidata.org/wiki/Q3229380";"https://code.gouv.fr/sill/fr/software?id=77";"";"https://framalibre.org/content/lemonldapng"
776;"Les bases du numérique d'intérêt général";"GNU aGPL v3";"";"";"";"";"https://lesbases.anct.gouv.fr/";"https://github.com/inclusion-numerique/la-base";"https://comptoir-du-libre.org/fr/softwares/776";"";"";"";""
758;"Liblinphone";"GNU GPLv3";"";"";"";"";"https://www.linphone.org/liblinphone-sdk-voip/";"https://github.com/BelledonneCommunications/liblinphone";"https://comptoir-du-libre.org/fr/softwares/758";"";"";"";""
141;"LibreBooking";"GNU GPLv3";"";"";"";"";"https://github.com/LibreBooking/app";"https://github.com/LibreBooking/app";"https://comptoir-du-libre.org/fr/softwares/141";"";"";"";""
481;"LibreNMS";"GNU GPLv3";"";"";"";"";"https://www.librenms.org/";"https://github.com/librenms/librenms";"https://comptoir-du-libre.org/fr/softwares/481";"";"";"";""
33;"LibreOffice";"LGPLv3";"Q10135";78;284;"";"https://fr.libreoffice.org/";"https://github.com/LibreOffice/core.git";"https://comptoir-du-libre.org/fr/softwares/33";"https://www.wikidata.org/wiki/Q10135";"https://code.gouv.fr/sill/fr/software?id=78";"https://annuaire.cnll.fr/solutions/284";""
275;"LibreOffice des écoles";"Creative Commons Attribution-ShareAlike 3.0 licence (CC BY-SA)";"";"";"";"";"https://primtux.fr/libreoffice-des-ecoles/";"https://primtux.fr/telecharger-linterface-libreoffice-des-ecoles/";"https://comptoir-du-libre.org/fr/softwares/275";"";"";"";""
294;"LibreOffice Online";"Mozilla Public License, version 2.0";"Q30584920";79;"";"";"https://www.libreoffice.org/download/libreoffice-online/";"https://github.com/LibreOffice/online";"https://comptoir-du-libre.org/fr/softwares/294";"https://www.wikidata.org/wiki/Q30584920";"https://code.gouv.fr/sill/fr/software?id=79";"";""
670;"LibreSpeed";"GNU GPLv3";"";"";"";"";"https://librespeed.org/";"https://github.com/librespeed/speedtest";"https://comptoir-du-libre.org/fr/softwares/670";"";"";"";""
330;"Lightbulb";"GNU GPL";"";"";"";"";"https://github.com/Tyrrrz/LightBulb";"https://github.com/Tyrrrz/LightBulb";"https://comptoir-du-libre.org/fr/softwares/330";"";"";"";""
42;"LimeSurvey";"GNU GPLv2";"Q1514978";80;"";"";"https://www.limesurvey.org";"https://github.com/LimeSurvey/LimeSurvey.git";"https://comptoir-du-libre.org/fr/softwares/42";"https://www.wikidata.org/wiki/Q1514978";"https://code.gouv.fr/sill/fr/software?id=80";"";""
469;"Linea21";"GNU GPLv3";"";"";"";"";"https://www.linea21.com/";"https://dev.linea21.com/projects/linea21/repository";"https://comptoir-du-libre.org/fr/softwares/469";"";"";"";""
757;"Linphone";"GNU GPLv3";"";"";"";"";"https://www.linphone.org/home/";"https://github.com/BelledonneCommunications";"https://comptoir-du-libre.org/fr/softwares/757";"";"";"";""
580;"LinShare";"GNU aGPL v3";"";"";"";"";"http://www.linshare.org";"https://github.com/linagora/linshare";"https://comptoir-du-libre.org/fr/softwares/580";"";"";"";""
492;"LinTO";"GNU aGPL v3";"";"";"";"";"https://linto.ai";"https://github.com/linto-ai";"https://comptoir-du-libre.org/fr/softwares/492";"";"";"";""
287;"LireCouleur";"GNU LGPL";"";81;"";"";"http://lirecouleur.arkaline.fr/";"https://framagit.org/arkaline/lirecouleur";"https://comptoir-du-libre.org/fr/softwares/287";"";"https://code.gouv.fr/sill/fr/software?id=81";"";""
478;"Lizmap";"Mozilla Public License, version 2.0";"Q112208571";284;"";"";"https://lizmap.com";"https://github.com/3liz/lizmap-web-client";"https://comptoir-du-libre.org/fr/softwares/478";"https://www.wikidata.org/wiki/Q112208571";"https://code.gouv.fr/sill/fr/software?id=284";"";""
130;"LOCAL TRUST MPE Webmarché";"GNU GPL";"";"";"";"";"https://mpe-demo.local-trust.com";"https://adullact.net/frs/?group_id=706";"https://comptoir-du-libre.org/fr/softwares/130";"";"";"";""
809;"Logiciel à supprimer";"GNU GPLv3";"";"";"";"";"https://comptoir-du-libre.org/fr/softwares/edit/809";"https://comptoir-du-libre.org/fr/softwares/edit/809";"https://comptoir-du-libre.org/fr/softwares/809";"";"";"";""
871;"Logiciel à supprimer 871";"GNU GPLv3";"";"";"";"";"https://comptoir-du-libre.org/fr/softwares/871";"https://comptoir-du-libre.org/fr/softwares/871";"https://comptoir-du-libre.org/fr/softwares/871";"";"";"";""
784;"Logiciel à supprimer (Libre Office -> doublon avec 33)";"LGPLv3";"";"";"";"";"https://comptoir-du-libre.org/fr/softwares/33";"https://comptoir-du-libre.org/fr/softwares/33";"https://comptoir-du-libre.org/fr/softwares/784";"";"";"";""
804;"Logiciel à supprimer (logiciel propriétaire 804)";"Propriètaire";"";"";"";"";"https://comptoir-du-libre.org/fr/softwares/804";"https://comptoir-du-libre.org/fr/softwares/804";"https://comptoir-du-libre.org/fr/softwares/804";"";"";"";""
144;"Logiciel à supprimer (logiciel Talend est maintenant propriétaire)";"Apache License 2.0";"";"";"";"";"https://www.talend.com/blog/update-on-the-future-of-talend-open-studio/";"https://www.talend.com/blog/update-on-the-future-of-talend-open-studio/";"https://comptoir-du-libre.org/fr/softwares/144";"";"";"";""
196;"Logiciel à supprimer (logiciel Talend Open Studio est maintenant propriétaire)";"Propriètaire";"";"";"";"";"https://www.talend.com/products/talend-open-studio/";"https://www.talend.com/products/talend-open-studio/";"https://comptoir-du-libre.org/fr/softwares/196";"";"";"";""
728;"Logiciel à supprimer (Polotno) ";"MIT";"";"";"";"";"https://comptoir-du-libre.org/fr/softwares/728";"https://comptoir-du-libre.org/fr/softwares/728";"https://comptoir-du-libre.org/fr/softwares/728";"";"";"";""
816;"Logiciel à supprimer (spam)";"Propriètaire";"";"";"";"";"https://comptoir-du-libre.org/fr/softwares/816";"https://comptoir-du-libre.org/fr/softwares/816";"https://comptoir-du-libre.org/fr/softwares/816";"";"";"";""
203;"LogStash";"Apache License 2.0";"Q17620247";82;"";"";"https://www.elastic.co/products/logstash";"https://github.com/elastic/logstash";"https://comptoir-du-libre.org/fr/softwares/203";"https://www.wikidata.org/wiki/Q17620247";"https://code.gouv.fr/sill/fr/software?id=82";"";""
772;"Loki";"Apache License 2.0";"";"";"";"";"https://grafana.com/oss/loki/";"https://github.com/grafana/loki";"https://comptoir-du-libre.org/fr/softwares/772";"";"";"";""
341;"Loomio";"GNU aGPL v3";"";"";"";"";"https://www.loomio.org/";"https://github.com/loomio/loomio/";"https://comptoir-du-libre.org/fr/softwares/341";"";"";"";""
267;"Lufi";"GNU aGPL v3";"";"";"";"";"https://demo.lufi.io/about";"https://framagit.org/fiat-tux/hat-softwares/lufi";"https://comptoir-du-libre.org/fr/softwares/267";"";"";"";""
10;"LUTECE";"BSD";"";"";"";"";"https://lutece.paris.fr/lutece/";"https://github.com/lutece-platform/";"https://comptoir-du-libre.org/fr/softwares/10";"";"";"";""
328;"LXD";"Apache License 2.0";"";"";"";"";"https://linuxcontainers.org/lxd/introduction/";"https://github.com/lxc/lxd";"https://comptoir-du-libre.org/fr/softwares/328";"";"";"";""
49;"Maarch Courrier";"GNU GPLv3";"";"";"";"";"https://maarch.com/maarch-courrier/";"https://labs.maarch.org/maarch/MaarchCourrier";"https://comptoir-du-libre.org/fr/softwares/49";"";"";"";""
131;"Maarch RM";"GNU GPLv3";"";"";"";"";"https://www.maarchrm.com";"https://labs.maarch.org/maarch/maarchRM";"https://comptoir-du-libre.org/fr/softwares/131";"";"";"";""
647;"Ma carte";"GNU GPLv3";"Q122584745";424;"";"";"https://macarte.ign.fr/";"https://github.com/IGNF-Ma-carte";"https://comptoir-du-libre.org/fr/softwares/647";"https://www.wikidata.org/wiki/Q122584745";"https://code.gouv.fr/sill/fr/software?id=424";"";""
354;"Madis";"GNU aGPL v3";"";339;"";"";"https://gitlab.adullact.net/soluris";"https://gitlab.adullact.net/soluris/madis";"https://comptoir-du-libre.org/fr/softwares/354";"";"https://code.gouv.fr/sill/fr/software?id=339";"";""
581;"Madis Cyber";"GNU aGPL v3";"";"";"";"";"https://gitlab.adullact.net/soluris/madis-cyber";"https://gitlab.adullact.net/soluris/madis-cyber";"https://comptoir-du-libre.org/fr/softwares/581";"";"";"";""
864;"Mage-OS";"Propriètaire";"";"";"";"";"https://mage-os.org/";"https://github.com/mage-os";"https://comptoir-du-libre.org/fr/softwares/864";"";"";"";""
104;"Magnolia CMS";"GNU GPLv3";"";"";"";"";"https://www.magnolia-cms.com/";"https://git.magnolia-cms.com";"https://comptoir-du-libre.org/fr/softwares/104";"";"";"";""
684;"MailCleaner";"GNU GPLv3";"";"";"";"";"https://www.mailcleaner.org/";"https://github.com/MailCleaner/MailCleaner";"https://comptoir-du-libre.org/fr/softwares/684";"";"";"";""
725;"Mailcow";"GNU GPLv3";"";"";"";"";"https://mailcow.email/";"https://github.com/mailcow/mailcow-dockerized";"https://comptoir-du-libre.org/fr/softwares/725";"";"";"";""
806;"Mailman";"GNU GPLv3";"";"";"";"";"https://www.gnu.org/software/mailman/";"https://gitlab.com/mailman/";"https://comptoir-du-libre.org/fr/softwares/806";"";"";"";""
754;"Manifest";"MIT";"";"";"";"";"https://manifest.build";"https://github.com/mnfst/manifest";"https://comptoir-du-libre.org/fr/softwares/754";"";"";"";""
174;"Mantis Bug Tracker";"GNU GPL";"Q1421571";83;"";"";"https://www.mantisbt.org/";"https://github.com/mantisbt/mantisbt";"https://comptoir-du-libre.org/fr/softwares/174";"https://www.wikidata.org/wiki/Q1421571";"https://code.gouv.fr/sill/fr/software?id=83";"";""
812;"Mapserver";"MIT";"";"";"";"";"https://mapserver.org/";"https://github.com/MapServer/MapServer";"https://comptoir-du-libre.org/fr/softwares/812";"";"";"";""
206;"MariaDB";"GNU GPLv2";"Q787177";84;80;"mariadb";"https://mariadb.org/";"https://github.com/MariaDB/server";"https://comptoir-du-libre.org/fr/softwares/206";"https://www.wikidata.org/wiki/Q787177";"https://code.gouv.fr/sill/fr/software?id=84";"https://annuaire.cnll.fr/solutions/80";"https://framalibre.org/content/mariadb"
283;"Mastodon";"GNU aGPL v3";"Q27986619";85;"";"mastodon";"https://joinmastodon.org/";"https://github.com/tootsuite/mastodon";"https://comptoir-du-libre.org/fr/softwares/283";"https://www.wikidata.org/wiki/Q27986619";"https://code.gouv.fr/sill/fr/software?id=85";"";"https://framalibre.org/content/mastodon"
358;"Matomo";"GNU GPLv3";"Q34162";176;"";"piwik";"https://matomo.org/";"https://github.com/matomo-org/matomo";"https://comptoir-du-libre.org/fr/softwares/358";"https://www.wikidata.org/wiki/Q34162";"https://code.gouv.fr/sill/fr/software?id=176";"";"https://framalibre.org/content/piwik"
350;"Matrix";"Apache License 2.0";"";"";"";"";"https://matrix.org/";"https://github.com/matrix-org";"https://comptoir-du-libre.org/fr/softwares/350";"";"";"";""
408;"Mattermost";"MIT";"Q55478510";291;"";"";"https://mattermost.com/";"https://github.com/mattermost/mattermost-server";"https://comptoir-du-libre.org/fr/softwares/408";"https://www.wikidata.org/wiki/Q55478510";"https://code.gouv.fr/sill/fr/software?id=291";"";""
676;"Mautic";"GNU GPLv3";"";"";"";"";"https://www.mautic.org/";"https://github.com/mautic/mautic";"https://comptoir-du-libre.org/fr/softwares/676";"";"";"";""
176;"Maven";"Apache License 2.0";"Q139941";8;395;"";"https://maven.apache.org/";"https://gitbox.apache.org/repos/asf/maven.git";"https://comptoir-du-libre.org/fr/softwares/176";"https://www.wikidata.org/wiki/Q139941";"https://code.gouv.fr/sill/fr/software?id=8";"https://annuaire.cnll.fr/solutions/395";""
750;"Media info";"BSD";"";"";"";"";"https://mediaarea.net/en/MediaInfo";"https://mediaarea.net/en/MediaInfo/Download/";"https://comptoir-du-libre.org/fr/softwares/750";"";"";"";""
122;"MediaWiki";"GNU GPLv2";"Q83";86;177;"mediawiki";"https://www.mediawiki.org";"https://phabricator.wikimedia.org/source/mediawiki.git";"https://comptoir-du-libre.org/fr/softwares/122";"https://www.wikidata.org/wiki/Q83";"https://code.gouv.fr/sill/fr/software?id=86";"https://annuaire.cnll.fr/solutions/177";"https://framalibre.org/content/mediawiki"
345;"MedShakeEHR";"GNU GPLv3";"";"";"";"";"https://www.logiciel-cabinet-medical.fr/";"https://github.com/MedShake";"https://comptoir-du-libre.org/fr/softwares/345";"";"";"";""
636;"Medulla";"GNU GPLv3";"";"";"";"";"https://medulla-tech.io/";"https://github.com/medulla-tech";"https://comptoir-du-libre.org/fr/softwares/636";"";"";"";""
494;"MEM Courrier";"GNU GPLv3";"";340;"";"";"https://edissyum.com/maarch-courrier-gec/";"https://gitlab.com/edissyum/mem";"https://comptoir-du-libre.org/fr/softwares/494";"";"https://code.gouv.fr/sill/fr/software?id=340";"";""
426;"MENTDB";"GNU GPLv3";"";"";"";"";"https://www.mentdb.org/";"https://sourceforge.net/projects/mentdb/files/";"https://comptoir-du-libre.org/fr/softwares/426";"";"";"";""
642;"Mercator";"GNU GPLv3";"";"";"";"";"https://www.sourcentis.com/mercator/";"https://github.com/dbarzin/mercator/";"https://comptoir-du-libre.org/fr/softwares/642";"";"";"";""
695;"Mes Adresses";"MIT";"";"";"";"";"https://mes-adresses.data.gouv.fr/";"https://github.com/BaseAdresseNationale/mes-adresses";"https://comptoir-du-libre.org/fr/softwares/695";"";"";"";""
626;"MeshCentral";"Apache License 2.0";"";"";"";"";"https://meshcentral.com/";"https://github.com/Ylianst/MeshCentral";"https://comptoir-du-libre.org/fr/softwares/626";"";"";"";""
870;"Messages";"MIT";"";"";"";"";"https://messages.suite.anct.gouv.fr/";"https://github.com/suitenumerique/messages";"https://comptoir-du-libre.org/fr/softwares/870";"";"";"";""
378;"Metabase";"GNU aGPL v3";"";"";"";"";"https://www.metabase.com/";"https://github.com/metabase/metabase";"https://comptoir-du-libre.org/fr/softwares/378";"";"";"";""
54;"Métamorphose";"GNU GPLv2";"";"";"";"";"http://file-folder-ren.sourceforge.net/";"https://github.com/metamorphose/metamorphose3.git";"https://comptoir-du-libre.org/fr/softwares/54";"";"";"";""
711;"Microcks";"Apache License 2.0";"";"";"";"";"https://microcks.io/";"https://github.com/microcks/microcks";"https://comptoir-du-libre.org/fr/softwares/711";"";"";"";""
524;"MinIO";"GNU aGPL v3";"Q28956397";275;"";"";"https://min.io";"https://github.com/minio/minio";"https://comptoir-du-libre.org/fr/softwares/524";"https://www.wikidata.org/wiki/Q28956397";"https://code.gouv.fr/sill/fr/software?id=275";"";""
370;"Mint - Linux Mint";"GNU GPLv3";"";"";"";"";"https://linuxmint.com/";"https://github.com/linuxmint";"https://comptoir-du-libre.org/fr/softwares/370";"";"";"";""
749;"mixxx";"GNU GPL";"";"";"";"";"https://mixxx.org/";"https://sourceforge.net/projects/portableapps/files/Source/Mixxx/";"https://comptoir-du-libre.org/fr/softwares/749";"";"";"";""
503;"MkDocs";"BSD";"Q102565362";254;"";"";"https://www.mkdocs.org";"https://github.com/mkdocs/mkdocs";"https://comptoir-du-libre.org/fr/softwares/503";"https://www.wikidata.org/wiki/Q102565362";"https://code.gouv.fr/sill/fr/software?id=254";"";""
153;"Module LUTECE Forum et Consultations Publiques";"BSD";"";"";"";"";"https://github.com/lutece-platform/lutece-collab-plugin-suggest";"https://github.com/lutece-platform/lutece-collab-plugin-suggest";"https://comptoir-du-libre.org/fr/softwares/153";"";"";"";""
154;"Module LUTECE Rendez-Vous";"BSD";"";"";"";"";"https://github.com/lutece-secteur-public/gru-plugin-appointment";"https://github.com/lutece-secteur-public/gru-plugin-appointment";"https://comptoir-du-libre.org/fr/softwares/154";"";"";"";""
208;"MongoDB";"Propriètaire";"";"";459;"";"https://www.mongodb.com/";"https://github.com/mongodb/mongo";"https://comptoir-du-libre.org/fr/softwares/208";"";"";"https://annuaire.cnll.fr/solutions/459";""
724;"Mon Suivi Social";"MIT";"";"";"";"";"https://monsuivisocial.incubateur.anct.gouv.fr/";"https://gitlab.com/incubateur-territoires/startups/monsuivisocial/monsuivisocial-v2";"https://comptoir-du-libre.org/fr/softwares/724";"";"";"";""
250;"Moodle";"GNU GPLv3";"Q190434";208;462;"moodle";"https://moodle.org/";"https://git.in.moodle.com/moodle/moodle";"https://comptoir-du-libre.org/fr/softwares/250";"https://www.wikidata.org/wiki/Q190434";"https://code.gouv.fr/sill/fr/software?id=208";"https://annuaire.cnll.fr/solutions/462";"https://framalibre.org/content/moodle"
620;"mRemoteNG";"GNU GPLv2";"";397;"";"";"https://mremoteng.org";"https://github.com/mRemoteNG/mRemoteNG";"https://comptoir-du-libre.org/fr/softwares/620";"";"https://code.gouv.fr/sill/fr/software?id=397";"";""
89;"MSofficeKey";"Creative Commons Attribution-ShareAlike 3.0 licence (CC BY-SA)";"";"";"";"";"http://wiki.ocsinventory-ng.org/index.php?title=Plugins:MSofficeKey";"http://wiki.ocsinventory-ng.org/index.php?title=Plugins:MSofficeKey";"https://comptoir-du-libre.org/fr/softwares/89";"";"";"";""
77;"MultiDiff";"LGPLv3";"";90;"";"";"http://www.starxpert.fr/openoffice-org-libreoffice/extensions/#multidiff";"http://www.starxpert.fr/openoffice-org-libreoffice/extensions/#multidiff";"https://comptoir-du-libre.org/fr/softwares/77";"";"https://code.gouv.fr/sill/fr/software?id=90";"";""
291;"MuPDF";"GNU aGPL v3";"Q6930567";91;"";"mupdf";"https://mupdf.com/";"http://git.ghostscript.com/?p=mupdf.git";"https://comptoir-du-libre.org/fr/softwares/291";"https://www.wikidata.org/wiki/Q6930567";"https://code.gouv.fr/sill/fr/software?id=91";"";"https://framalibre.org/content/mupdf"
431;"MurExpo";"GNU GPLv3";"Q108370859";226;"";"";"https://murexpo.org/me/";"https://sourceforge.net/projects/murexpo/";"https://comptoir-du-libre.org/fr/softwares/431";"https://www.wikidata.org/wiki/Q108370859";"https://code.gouv.fr/sill/fr/software?id=226";"";""
454;"Mviewer";"GNU GPLv3";"Q112610504";287;"";"";"https://mviewer.netlify.app";"https://github.com/geobretagne/mviewer.git";"https://comptoir-du-libre.org/fr/softwares/454";"https://www.wikidata.org/wiki/Q112610504";"https://code.gouv.fr/sill/fr/software?id=287";"";""
778;"MyPermaGarden App";"GNU GPL";"";"";"";"";"https://www.mypermagarden.app/fr";"https://gitlab.com/mypermagarden/mypermagarden-qgis";"https://comptoir-du-libre.org/fr/softwares/778";"";"";"";""
209;"Nagios";"GNU GPLv2";"";"";"";"";"http://www.nagios.org/";"https://github.com/NagiosEnterprises/nagioscore";"https://comptoir-du-libre.org/fr/softwares/209";"";"";"";""
351;"NAPS2";"GNU GPLv2";"";92;"";"";"https://www.naps2.com/";"https://github.com/cyanfish/naps2";"https://comptoir-du-libre.org/fr/softwares/351";"";"https://code.gouv.fr/sill/fr/software?id=92";"";""
578;"neovim";"Apache License 2.0";"Q28975246";352;"";"";"https://neovim.io/";"https://github.com/neovim/neovim";"https://comptoir-du-libre.org/fr/softwares/578";"https://www.wikidata.org/wiki/Q28975246";"https://code.gouv.fr/sill/fr/software?id=352";"";""
722;"NetBox";"Apache License 2.0";"";"";"";"";"https://github.com/netbox-community/netbox/";"https://github.com/netbox-community/netbox/";"https://comptoir-du-libre.org/fr/softwares/722";"";"";"";""
117;"Nextcloud";"GNU aGPL v3";"Q25874683";93;466;"nextcloud";"https://nextcloud.com/";"https://github.com/nextcloud/";"https://comptoir-du-libre.org/fr/softwares/117";"https://www.wikidata.org/wiki/Q25874683";"https://code.gouv.fr/sill/fr/software?id=93";"https://annuaire.cnll.fr/solutions/466";"https://framalibre.org/content/nextcloud"
178;"Nexus";"MIT";"";94;"";"";"https://fr.sonatype.com/nexus-repository-sonatype";"https://github.com/sonatype";"https://comptoir-du-libre.org/fr/softwares/178";"";"https://code.gouv.fr/sill/fr/software?id=94";"";""
213;"Nginx";"BSD";"Q306144";95;467;"";"https://nginx.org/";"https://github.com/nginx/nginx";"https://comptoir-du-libre.org/fr/softwares/213";"https://www.wikidata.org/wiki/Q306144";"https://code.gouv.fr/sill/fr/software?id=95";"https://annuaire.cnll.fr/solutions/467";""
611;"Nginx Proxy Manager";"MIT";"";407;"";"";"https://nginxproxymanager.com";"https://github.com/NginxProxyManager/nginx-proxy-manager";"https://comptoir-du-libre.org/fr/softwares/611";"";"https://code.gouv.fr/sill/fr/software?id=407";"";""
327;"Nim language";"MIT";"";"";"";"";"https://nim-lang.org/";"https://github.com/nim-lang/nim";"https://comptoir-du-libre.org/fr/softwares/327";"";"";"";""
815;"NocoBase";"GNU aGPL v3";"";"";"";"";"https://www.nocobase.com/";"https://github.com/nocobase/nocobase";"https://comptoir-du-libre.org/fr/softwares/815";"";"";"";""
127;"Nodea Software";"GNU GPLv3";"";"";"";"";"https://www.nodea-software.com";"https://github.com/nodea-software/Nodea";"https://comptoir-du-libre.org/fr/softwares/127";"";"";"";""
238;"NodeJS";"MIT";"Q756100";96;"";"nodejs";"https://nodejs.org/";"https://github.com/nodejs/node";"https://comptoir-du-libre.org/fr/softwares/238";"https://www.wikidata.org/wiki/Q756100";"https://code.gouv.fr/sill/fr/software?id=96";"";"https://framalibre.org/content/nodejs"
111;"Noethys";"GNU GPLv3";"";"";"";"";"https://www.noethys.com";"https://github.com/Noethys/Noethys";"https://comptoir-du-libre.org/fr/softwares/111";"";"";"";""
55;"Notepad++";"GNU GPL";"Q2033";97;"";"notepad++";"https://notepad-plus-plus.org/";"https://github.com/notepad-plus-plus/notepad-plus-plus.git";"https://comptoir-du-libre.org/fr/softwares/55";"https://www.wikidata.org/wiki/Q2033";"https://code.gouv.fr/sill/fr/software?id=97";"";"https://framalibre.org/content/notepad++"
179;"NPM";"MIT";"Q7067518";98;"";"";"https://www.npmjs.com/";"https://github.com/npm/cli";"https://comptoir-du-libre.org/fr/softwares/179";"https://www.wikidata.org/wiki/Q7067518";"https://code.gouv.fr/sill/fr/software?id=98";"";""
771;"NumaHOP";"GNU GPLv3";"";"";"";"";"https://www.numahop.fr";"https://github.com/biblibre/NumaHOP-code";"https://comptoir-du-libre.org/fr/softwares/771";"";"";"";""
86;"Nuxeo";"Apache License 2.0";"";"";"";"";"https://www.nuxeo.com/fr/";"https://github.com/nuxeo";"https://comptoir-du-libre.org/fr/softwares/86";"";"";"";""
63;"NVDA";"GNU GPLv2";"Q1116614";99;"";"";"https://www.nvaccess.org/";"https://github.com/nvaccess/nvda.git";"https://comptoir-du-libre.org/fr/softwares/63";"https://www.wikidata.org/wiki/Q1116614";"https://code.gouv.fr/sill/fr/software?id=99";"";""
31;"OBM";"GNU GPL";"";"";"";"";"http://obm.org";"http://git.obm.org/obm";"https://comptoir-du-libre.org/fr/softwares/31";"";"";"";""
285;"OBS Studio";"GNU GPL";"Q21707789";100;"";"obs-studio";"https://obsproject.com/";"https://github.com/obsproject/obs-studio";"https://comptoir-du-libre.org/fr/softwares/285";"https://www.wikidata.org/wiki/Q21707789";"https://code.gouv.fr/sill/fr/software?id=100";"";"https://framalibre.org/content/obs-studio"
549;"OCaml";"GNU LGPL";"Q212587";323;210;"";"https://ocaml.org";"https://github.com/ocaml/ocaml";"https://comptoir-du-libre.org/fr/softwares/549";"https://www.wikidata.org/wiki/Q212587";"https://code.gouv.fr/sill/fr/software?id=323";"https://annuaire.cnll.fr/solutions/210";""
83;"OCS Inventory";"GNU GPLv2";"Q1135744";101;"";"";"http://www.ocsinventory-ng.org";"https://github.com/OCSInventory-NG/OCSInventory-Server.git";"https://comptoir-du-libre.org/fr/softwares/83";"https://www.wikidata.org/wiki/Q1135744";"https://code.gouv.fr/sill/fr/software?id=101";"";""
88;"OCS Inventory NG Agent pour Windows";"GNU GPLv2";"";4;"";"";"http://www.ocsinventory-ng.org/fr";"https://github.com/OCSInventory-NG/WindowsAgent.git";"https://comptoir-du-libre.org/fr/softwares/88";"";"https://code.gouv.fr/sill/fr/software?id=4";"";""
90;"OCS Inventory NG Plugins : WinServices";"GNU GPL";"";"";"";"";"http://wiki.ocsinventory-ng.org/index.php?title=Plugins:WinServices";"http://wiki.ocsinventory-ng.org/index.php?title=Plugins:WinServices";"https://comptoir-du-libre.org/fr/softwares/90";"";"";"";""
164;"Odoo";"LGPLv3";"";"";61;"";"https://www.odoo.com/fr_FR/";"https://github.com/odoo/odoo";"https://comptoir-du-libre.org/fr/softwares/164";"";"";"https://annuaire.cnll.fr/solutions/61";""
508;"Okular";"GNU GPLv2";"";"";"";"";"https://okular.kde.org/fr/";"https://invent.kde.org/graphics/okular";"https://comptoir-du-libre.org/fr/softwares/508";"";"";"";""
371;"Olive";"GNU GPLv3";"";"";"";"";"https://www.olivevideoeditor.org";"https://github.com/olive-editor/olive";"https://comptoir-du-libre.org/fr/softwares/371";"";"";"";""
466;"Oméka";"GNU GPLv3";"";"";"";"";"https://omeka.org/";"https://github.com/omeka";"https://comptoir-du-libre.org/fr/softwares/466";"";"";"";""
838;"Onegeo Suite";"GNU aGPL v3";"";"";"";"";"https://www.onegeosuite.fr";"https://git.neogeo.fr/onegeo-suite/";"https://comptoir-du-libre.org/fr/softwares/838";"";"";"";""
421;"ONLYOFFICE Docs";"GNU aGPL v3";"Q1582500";296;"";"onlyoffice";"https://www.onlyoffice.com/fr/office-suite.aspx";"https://github.com/ONLYOFFICE/DocumentServer";"https://comptoir-du-libre.org/fr/softwares/421";"https://www.wikidata.org/wiki/Q1582500";"https://code.gouv.fr/sill/fr/software?id=296";"";"https://framalibre.org/content/onlyoffice"
594;"ONLYOFFICE DocSpace";"GNU aGPL v3";"";"";"";"";"https://www.onlyoffice.com/fr/docspace.aspx";"https://github.com/ONLYOFFICE/DocSpace";"https://comptoir-du-libre.org/fr/softwares/594";"";"";"";""
395;"ONLYOFFICE Workspace";"Apache License 2.0";"";"";"";"";"https://www.onlyoffice.com/fr/";"https://github.com/ONLYOFFICE";"https://comptoir-du-libre.org/fr/softwares/395";"";"";"";""
461;"Onyxia";"MIT";"Q110492908";233;"";"";"https://datalab.sspcloud.fr";"https://github.com/InseeFrLab/onyxia";"https://comptoir-du-libre.org/fr/softwares/461";"https://www.wikidata.org/wiki/Q110492908";"https://code.gouv.fr/sill/fr/software?id=233";"";""
78;"Ooo.HG";"Creative Commons Attribution-ShareAlike 3.0 licence (CC BY-SA)";"";"";"";"";"http://ooo.hg.free.fr/";"http://ooo.hg.free.fr/";"https://comptoir-du-libre.org/fr/softwares/78";"";"";"";""
380;"Opale";"GNU LGPL";"Q91312803";195;"";"opale";"https://download.scenari.software/Opale/";"https://source.scenari.software/projects/opale";"https://comptoir-du-libre.org/fr/softwares/380";"https://www.wikidata.org/wiki/Q91312803";"https://code.gouv.fr/sill/fr/software?id=195";"";"https://framalibre.org/content/opale"
23;"openADS";"GNU GPL";"";"";"";"";"http://www.openmairie.org/catalogue/openads";"https://gitlab.com/openmairie/openads";"https://comptoir-du-libre.org/fr/softwares/23";"";"";"";""
278;"openARIA";"GNU GPL";"";"";"";"";"http://www.openmairie.org/catalogue/openaria/openaria-analyse-du-risque-incendie-et-de-l-accessibilite-pour-les-erp";"https://adullact.net/projects/openaria";"https://comptoir-du-libre.org/fr/softwares/278";"";"";"";""
44;"OpenBiblio";"GNU GPLv2";"";"";"";"";"http://obiblio.sourceforge.net/";"https://bitbucket.org/mstetson/obiblio";"https://comptoir-du-libre.org/fr/softwares/44";"";"";"";""
158;"OpenBoard";"GNU GPL";"";"";"";"";"http://openboard.ch/";"https://github.com/OpenBoard-org/OpenBoard";"https://comptoir-du-libre.org/fr/softwares/158";"";"";"";""
116;"OpenBSD";"BSD";"";"";471;"";"http://www.openbsd.org";"https://github.com/openbsd";"https://comptoir-du-libre.org/fr/softwares/116";"";"";"https://annuaire.cnll.fr/solutions/471";""
381;"Open-Capture";"GNU GPLv3";"";341;"";"";"http://www.open-capture.com";"https://github.com/edissyum/opencapture/";"https://comptoir-du-libre.org/fr/softwares/381";"";"https://code.gouv.fr/sill/fr/software?id=341";"";""
17;"openCimetière";"GNU GPL";"";"";"";"";"http://www.openmairie.org/catalogue/opencimetiere";"https://gitlab.com/openmairie/opencimetiere";"https://comptoir-du-libre.org/fr/softwares/17";"";"";"";""
539;"openDCIM";"GNU GPLv3";"";252;"";"";"https://opendcim.org";"https://github.com/opendcim/openDCIM";"https://comptoir-du-libre.org/fr/softwares/539";"";"https://code.gouv.fr/sill/fr/software?id=252";"";""
277;"openDebitDeBoisson";"GNU GPL";"";"";"";"";"http://www.openmairie.org/catalogue/opendebitdeboisson/opendebitdeboisson-gestion-des-recepisses-demande-debit-de-boisson";"https://gitlab.com/openmairie/opendebitdeboisson";"https://comptoir-du-libre.org/fr/softwares/277";"";"";"";""
290;"OpenDocument Reader";"GNU GPL";"";103;"";"";"https://opendocument-reader.fr.uptodown.com/android";"https://github.com/TomTasche/OpenDocument.droid";"https://comptoir-du-libre.org/fr/softwares/290";"";"https://code.gouv.fr/sill/fr/software?id=103";"";""
409;"openDPO ";"GNU GPLv3";"";"";"";"";"https://git.nevers.fr/ssii/opendpo";"https://git.nevers.fr/ssii/opendpo";"https://comptoir-du-libre.org/fr/softwares/409";"";"";"";""
396;"Open edX";"GNU aGPL v3";"Q2106448";209;"";"";"https://open.edx.org";"https://github.com/edx/edx-platform";"https://comptoir-du-libre.org/fr/softwares/396";"https://www.wikidata.org/wiki/Q2106448";"https://code.gouv.fr/sill/fr/software?id=209";"";""
276;"openElec";"GNU GPL";"";"";"";"";"http://www.openmairie.org/catalogue/openelec/openelec-gestion-des-listes-electorales";"https://gitlab.com/openmairie/openelec";"https://comptoir-du-libre.org/fr/softwares/276";"";"";"";""
387;"OpenFisca";"GNU aGPL v3";"Q64777688";200;"";"";"https://openfisca.org/fr/";"https://github.com/openfisca";"https://comptoir-du-libre.org/fr/softwares/387";"https://www.wikidata.org/wiki/Q64777688";"https://code.gouv.fr/sill/fr/software?id=200";"";""
376;"OpenIO SDS";"GNU aGPL v3";"Q30348631";189;"";"";"https://www.openio.io/";"https://github.com/open-io/oio-sds";"https://comptoir-du-libre.org/fr/softwares/376";"https://www.wikidata.org/wiki/Q30348631";"https://code.gouv.fr/sill/fr/software?id=189";"";""
333;"OPEN JARDIN";"GNU LGPL";"";"";"";"";"https://openjardin.eu/index.php/fr-FR/presentation-du-logiciel";"https://sourceforge.net/projects/openjardin/?source=directory";"https://comptoir-du-libre.org/fr/softwares/333";"";"";"";""
173;"OpenJDK";"GNU GPLv2";"Q1461054";104;"";"";"http://openjdk.java.net/";"http://hg.openjdk.java.net/";"https://comptoir-du-libre.org/fr/softwares/173";"https://www.wikidata.org/wiki/Q1461054";"https://code.gouv.fr/sill/fr/software?id=104";"";""
98;"OPENLDAP";"MIT";"Q682918";105;366;"";"http://www.openldap.org/";"https://git.openldap.org/explore";"https://comptoir-du-libre.org/fr/softwares/98";"https://www.wikidata.org/wiki/Q682918";"https://code.gouv.fr/sill/fr/software?id=105";"https://annuaire.cnll.fr/solutions/366";""
19;"openMairie";"GNU GPL";"";"";"";"";"http://www.openmairie.org";"https://scm.adullact.net/anonscm/svn/openmairie/";"https://comptoir-du-libre.org/fr/softwares/19";"";"";"";""
446;"Open Mobility Indicators";"GNU aGPL v3";"";"";"";"";"https://openmobilityindicators.org/";"https://gitlab.com/open-mobility-indicators/";"https://comptoir-du-libre.org/fr/softwares/446";"";"";"";""
222;"OpenNebula CE";"Apache License 2.0";"Q1164484";107;"";"";"http://www.opennebula.org/";"https://github.com/OpenNebula/one";"https://comptoir-du-libre.org/fr/softwares/222";"https://www.wikidata.org/wiki/Q1164484";"https://code.gouv.fr/sill/fr/software?id=107";"";""
434;"OpenNMS";"GNU aGPL v3";"";"";"";"";"https://www.opennms.com/";"https://github.com/OpenNMS/opennms";"https://comptoir-du-libre.org/fr/softwares/434";"";"";"";""
569;"OpenProject";"GNU GPLv3";"Q14468709";351;"";"";"https://www.openproject.org/fr/";"https://github.com/opf/openproject";"https://comptoir-du-libre.org/fr/softwares/569";"https://www.wikidata.org/wiki/Q14468709";"https://code.gouv.fr/sill/fr/software?id=351";"";""
14;"OpenRecensement";"GNU GPL";"";"";"";"";"http://www.openmairie.org/front-page/catalogue/openrecensement";"https://scm.adullact.net/anonscm/svn/openrecensement/trunk";"https://comptoir-du-libre.org/fr/softwares/14";"";"";"";""
41;"OpenReglement";"GNU GPL";"";"";"";"";"http://www.openmairie.org/catalogue/openreglement";"http://adullact.net/projects/openreglement/";"https://comptoir-du-libre.org/fr/softwares/41";"";"";"";""
40;"OpenResultat";"GNU GPLv3";"";"";"";"";"http://www.openmairie.org/catalogue/openresultat";"https://gitlab.com/openmairie/openresultat";"https://comptoir-du-libre.org/fr/softwares/40";"";"";"";""
18;"openScrutin";"GNU GPL";"";"";"";"";"http://www.openmairie.org/catalogue/openscrutin";"http://adullact.net/projects/openscrutin/";"https://comptoir-du-libre.org/fr/softwares/18";"";"";"";""
150;"OpenShot";"GNU GPL";"";"";"";"";"https://www.openshot.org/";"https://code.launchpad.net/openshot";"https://comptoir-du-libre.org/fr/softwares/150";"";"";"";""
379;"OpenShot Video Editor";"GNU GPLv3";"Q769346";193;"";"openshot";"https://www.openshot.org/fr/";"https://github.com/OpenShot/openshot-qt";"https://comptoir-du-libre.org/fr/softwares/379";"https://www.wikidata.org/wiki/Q769346";"https://code.gouv.fr/sill/fr/software?id=193";"";"https://framalibre.org/content/openshot"
221;"OpenStack";"Apache License 2.0";"Q1470293";108;553;"";"http://www.openstack.org/";"https://github.com/openstack/openstack";"https://comptoir-du-libre.org/fr/softwares/221";"https://www.wikidata.org/wiki/Q1470293";"https://code.gouv.fr/sill/fr/software?id=108";"https://annuaire.cnll.fr/solutions/553";""
336;"OpenSVC";"GNU GPLv2";"Q100588070";218;"";"";"https://www.opensvc.com";"https://github.com/opensvc/opensvc";"https://comptoir-du-libre.org/fr/softwares/336";"https://www.wikidata.org/wiki/Q100588070";"https://code.gouv.fr/sill/fr/software?id=218";"";""
510;"OpenTestFactory";"Apache License 2.0";"Q110520668";303;"";"";"https://opentestfactory.org/";"https://gitlab.com/henixdevelopment/open-source/opentestfactory";"https://comptoir-du-libre.org/fr/softwares/510";"https://www.wikidata.org/wiki/Q110520668";"https://code.gouv.fr/sill/fr/software?id=303";"";""
255;"Openvox";"Apache License 2.0";"";"";"";"";"https://voxpupuli.org/openvox/";"https://github.com/OpenVoxProject/openvox";"https://comptoir-du-libre.org/fr/softwares/255";"";"";"";""
760;"Open-XChange";"GNU GPLv2";"";"";"";"";"https://www.open-xchange.com";"https://github.com/open-xchange";"https://comptoir-du-libre.org/fr/softwares/760";"";"";"";""
251;"Opigno";"GNU GPLv2";"";"";"";"";"https://www.opigno.org/fr";"https://www.drupal.org/project/opigno_lms/releases";"https://comptoir-du-libre.org/fr/softwares/251";"";"";"";""
631;"Opnsense";"BSD";"";"";"";"";"https://opnsense.org/";"https://github.com/opnsense/core";"https://comptoir-du-libre.org/fr/softwares/631";"";"";"";""
665;"OppServe";"MIT";"";"";"";"";"https://territoires.makina-corpus.com/opp-serve";"https://github.com/Terralego/terra-opp";"https://comptoir-du-libre.org/fr/softwares/665";"";"";"";""
97;"OPSI";"GNU aGPL v3";"";"";"";"";"http://www.opsi.org/en?set_language=en";"https://github.com/opsi-org";"https://comptoir-du-libre.org/fr/softwares/97";"";"";"";""
699;"Optim";"GNU GPLv3";"";"";"";"";"https://doc.scenari.software/Optim@3/fr/";"https://source.scenari.software/projects/optim/repository";"https://comptoir-du-libre.org/fr/softwares/699";"";"";"";""
638;"Oro Commerce";"Propriètaire";"";"";"";"";"https://oroinc.com/b2b-ecommerce/";"https://github.com/oroinc/orocommerce-application/";"https://comptoir-du-libre.org/fr/softwares/638";"";"";"";""
565;"Osuny";"MIT";"Q114333380";336;"";"";"https://www.osuny.org";"https://github.com/noesya/osuny";"https://comptoir-du-libre.org/fr/softwares/565";"https://www.wikidata.org/wiki/Q114333380";"https://code.gouv.fr/sill/fr/software?id=336";"";""
681;"oVirt";"Apache License 2.0";"";"";"";"";"https://www.ovirt.org/";"https://github.com/oVirt";"https://comptoir-du-libre.org/fr/softwares/681";"";"";"";""
114;"Owncloud";"GNU aGPL v3";"";"";"";"";"https://owncloud.org/";"https://owncloud.org/";"https://comptoir-du-libre.org/fr/softwares/114";"";"";"";""
462;"ownCloud Edition Communauté";"GNU aGPL v3";"";"";"";"";"https://www.owncloud.com";"https://owncloud.com/fr/tarification/";"https://comptoir-du-libre.org/fr/softwares/462";"";"";"";""
156;"OX Digital Signage";"GNU GPLv3";"";"";"";"";"https://github.com/ox-it/ox-digital-signage";"https://github.com/ox-it/ox-digital-signage";"https://comptoir-du-libre.org/fr/softwares/156";"";"";"";""
340;"Ozwillo";"GNU aGPL v3";"";"";"";"";"https://www.ozwillo.com/";"https://github.com/ozwillo";"https://comptoir-du-libre.org/fr/softwares/340";"";"";"";""
781;"p5.js";"GNU LGPL";"";"";"";"";"https://p5js.org";"https://github.com/processing/p5.js";"https://comptoir-du-libre.org/fr/softwares/781";"";"";"";""
236;"Pacemaker";"BSD";"";109;"";"";"http://clusterlabs.org/pacemaker/";"https://github.com/ClusterLabs/pacemaker";"https://comptoir-du-libre.org/fr/softwares/236";"";"https://code.gouv.fr/sill/fr/software?id=109";"";""
228;"Packer";"Mozilla Public License, version 2.0";"";110;"";"";"http://www.packer.io/";"https://github.com/hashicorp/packer";"https://comptoir-du-libre.org/fr/softwares/228";"";"https://code.gouv.fr/sill/fr/software?id=110";"";""
575;"PacketFence";"GNU GPLv2";"Q3360235";345;"";"";"https://www.packetfence.org";"https://github.com/inverse-inc/packetfence";"https://comptoir-du-libre.org/fr/softwares/575";"https://www.wikidata.org/wiki/Q3360235";"https://code.gouv.fr/sill/fr/software?id=345";"";""
444;"Paheko";"GNU aGPL v3";"";"";"";"";"https://paheko.cloud";"https://fossil.kd2.org/";"https://comptoir-du-libre.org/fr/softwares/444";"";"";"";""
744;"Pandora-Box";"GNU GPLv3";"";"";"";"";"https://github.com/dbarzin/pandora-box/";"https://github.com/dbarzin/pandora-box/";"https://comptoir-du-libre.org/fr/softwares/744";"";"";"";""
797;"Paperless-NGX";"GNU GPLv3";"";"";"";"";"https://docs.paperless-ngx.com";"https://github.com/paperless-ngx/paperless-ngx";"https://comptoir-du-libre.org/fr/softwares/797";"";"";"";""
794;"Papra";"GNU aGPL v3";"";"";"";"";"https://papra.app";"https://github.com/papra-hq/papra";"https://comptoir-du-libre.org/fr/softwares/794";"";"";"";""
383;"PARSEC";"GNU aGPL v3";"";"";"";"";"https://www.parsec.cloud/";"https://github.com/Scille/parsec-cloud";"https://comptoir-du-libre.org/fr/softwares/383";"";"";"";""
609;"Passbolt Community Edition";"GNU aGPL v3";"";375;"";"";"https://www.passbolt.com/ce";"https://github.com/passbolt";"https://comptoir-du-libre.org/fr/softwares/609";"";"https://code.gouv.fr/sill/fr/software?id=375";"";""
673;"PasswordPusher";"Apache License 2.0";"";"";"";"";"https://pwpush.com/";"https://github.com/pglombardo/PasswordPusher";"https://comptoir-du-libre.org/fr/softwares/673";"";"";"";""
2;"Pastell";"GNU aGPL v3";"";"";"";"";"https://www.libriciel.fr/logiciels/pastell/";"https://gitlab.adullact.net/Libriciel/pastell/pastell";"https://comptoir-du-libre.org/fr/softwares/2";"";"";"";""
169;"PDFSam basic";"GNU aGPL v3";"Q3898451";112;"";"pdf-sam";"https://pdfsam.org/pdfsam-basic/";"https://github.com/torakiki/pdfsam";"https://comptoir-du-libre.org/fr/softwares/169";"https://www.wikidata.org/wiki/Q3898451";"https://code.gouv.fr/sill/fr/software?id=112";"";"https://framalibre.org/content/pdf-sam"
140;"PeerTube";"GNU aGPL v3";"Q50938515";197;482;"peertube";"https://joinpeertube.org";"https://github.com/Chocobozzz/PeerTube";"https://comptoir-du-libre.org/fr/softwares/140";"https://www.wikidata.org/wiki/Q50938515";"https://code.gouv.fr/sill/fr/software?id=197";"https://annuaire.cnll.fr/solutions/482";"https://framalibre.org/content/peertube"
180;"Pencil";"GNU GPLv2";"";"";"";"";"http://pencil.evolus.vn/";"https://github.com/evolus/pencil";"https://comptoir-du-libre.org/fr/softwares/180";"";"";"";""
105;"Pentaho";"GNU GPLv2";"Q644841";212;"";"";"http://www.pentaho.com/";"https://github.com/pentaho";"https://comptoir-du-libre.org/fr/softwares/105";"https://www.wikidata.org/wiki/Q644841";"https://code.gouv.fr/sill/fr/software?id=212";"";""
433;"Pétrolette";"GNU GPLv3";"";"";"";"";"https://petrolette.space/";"https://framagit.org/yphil/petrolette";"https://comptoir-du-libre.org/fr/softwares/433";"";"";"";""
126;"PfSense";"Apache License 2.0";"Q310946";391;"";"";"https://www.pfsense.org/";"https://github.com/pfsense/";"https://comptoir-du-libre.org/fr/softwares/126";"https://www.wikidata.org/wiki/Q310946";"https://code.gouv.fr/sill/fr/software?id=391";"";""
199;"phpBB";"GNU GPLv2";"";325;"";"";"https://www.phpbb.com/";"https://github.com/phpbb/phpbb";"https://comptoir-du-libre.org/fr/softwares/199";"";"https://code.gouv.fr/sill/fr/software?id=325";"";""
773;"PHPBoost CMS";"GNU GPLv3";"";"";"";"";"https://www.phpboost.com/";"https://github.com/PHPBoost";"https://comptoir-du-libre.org/fr/softwares/773";"";"";"";""
232;"PHP-FPM";"MIT";"";"";"";"";"http://php.net/manual/fr/install.fpm.php";"https://github.com/php/php-src";"https://comptoir-du-libre.org/fr/softwares/232";"";"";"";""
262;"phpIPAM";"GNU GPLv3";"";383;"";"";"https://phpipam.net/";"https://github.com/phpipam/phpipam";"https://comptoir-du-libre.org/fr/softwares/262";"";"https://code.gouv.fr/sill/fr/software?id=383";"";""
471;"PHPUnit";"MIT";"Q1663673";249;"";"";"https://phpunit.de/";"https://github.com/sebastianbergmann/phpunit";"https://comptoir-du-libre.org/fr/softwares/471";"https://www.wikidata.org/wiki/Q1663673";"https://code.gouv.fr/sill/fr/software?id=249";"";""
439;"Phraseanet";"GNU GPLv3";"";"";"";"";"https://www.phraseanet.com/";"https://github.com/alchemy-fr/Phraseanet";"https://comptoir-du-libre.org/fr/softwares/439";"";"";"";""
133;"PIA";"GNU GPLv3";"";"";"";"";"https://www.cnil.fr/fr/outil-pia-telechargez-et-installez-le-logiciel-de-la-cnil";"https://github.com/LINCnil/pia-app/";"https://comptoir-du-libre.org/fr/softwares/133";"";"";"";""
372;"Piwigo";"GNU GPL";"Q1511947";388;"";"";"https://fr.piwigo.org/";"https://fr.piwigo.org/obtenir-piwigo";"https://comptoir-du-libre.org/fr/softwares/372";"https://www.wikidata.org/wiki/Q1511947";"https://code.gouv.fr/sill/fr/software?id=388";"";""
702;"planka";"GNU aGPL v3";"";"";"";"";"https://planka.app/";"https://github.com/plankanban/planka";"https://comptoir-du-libre.org/fr/softwares/702";"";"";"";""
577;"PLANNO";"GNU GPLv2";"";"";"";"";"https://www.planno.fr/";"https://github.com/PlanningBiblio/PlanningBiblio";"https://comptoir-du-libre.org/fr/softwares/577";"";"";"";""
522;"PlantUML";"GNU GPLv3";"Q18346546";277;"";"";"https://plantuml.com";"https://github.com/plantuml/plantuml";"https://comptoir-du-libre.org/fr/softwares/522";"https://www.wikidata.org/wiki/Q18346546";"https://code.gouv.fr/sill/fr/software?id=277";"";""
129;"PMB";"CeCILL V2";"";386;"";"";"http://www.sigb.net";"http://forge.sigb.net/redmine/projects/pmb";"https://comptoir-du-libre.org/fr/softwares/129";"";"https://code.gouv.fr/sill/fr/software?id=386";"";""
528;"Podman";"Apache License 2.0";"Q70876440";268;"";"";"https://podman.io";"https://github.com/containers/podman";"https://comptoir-du-libre.org/fr/softwares/528";"https://www.wikidata.org/wiki/Q70876440";"https://code.gouv.fr/sill/fr/software?id=268";"";""
827;"Podoc";"Apache License 2.0";"";"";"";"";"https://podoc.girondenumerique.fr/";"https://gitlab.girondenumerique.fr/GirNumOpenSource/podoc";"https://comptoir-du-libre.org/fr/softwares/827";"";"";"";""
587;"Porteus Kiosk";"GNU GPLv2";"";"";"";"";"https://porteus-kiosk.org/";"http://porteus-kiosk.org/public/5.4/";"https://comptoir-du-libre.org/fr/softwares/587";"";"";"";""
216;"PostFix";"GNU GPLv2";"Q1121334";116;486;"";"http://www.postfix.org/";"https://github.com/vdukhovni/postfix";"https://comptoir-du-libre.org/fr/softwares/216";"https://www.wikidata.org/wiki/Q1121334";"https://code.gouv.fr/sill/fr/software?id=116";"https://annuaire.cnll.fr/solutions/486";""
359;"Postfix Admin";"GNU GPLv2";"";177;"";"";"http://postfixadmin.sourceforge.net/";"https://github.com/postfixadmin/postfixadmin";"https://comptoir-du-libre.org/fr/softwares/359";"";"https://code.gouv.fr/sill/fr/software?id=177";"";""
207;"PostGIS";"GNU GPL";"Q1569955";117;560;"";"http://www.postgis.org/";"https://svn.osgeo.org/postgis/";"https://comptoir-du-libre.org/fr/softwares/207";"https://www.wikidata.org/wiki/Q1569955";"https://code.gouv.fr/sill/fr/software?id=117";"https://annuaire.cnll.fr/solutions/560";""
123;"PostgreSQL";"BSD";"Q192490";118;155;"postgresql";"https://www.postgresql.org";"https://git.postgresql.org";"https://comptoir-du-libre.org/fr/softwares/123";"https://www.wikidata.org/wiki/Q192490";"https://code.gouv.fr/sill/fr/software?id=118";"https://annuaire.cnll.fr/solutions/155";"https://framalibre.org/content/postgresql"
834;"Potaléger";"GNU GPLv3";"";"";"";"";"https://greli.net/potaleger.html";"https://github.com/marcpley/potaleger";"https://comptoir-du-libre.org/fr/softwares/834";"";"";"";""
640;"PrestoFacto";"GNU GPLv3";"";"";"";"";"https://www.philnoug.com/prestofacto";"https://github.com/philippe-nougaillon/PrestoFacto";"https://comptoir-du-libre.org/fr/softwares/640";"";"";"";""
596;"Pretalx";"Apache License 2.0";"";364;"";"";"https://pretalx.com";"https://github.com/pretalx/pretalx";"https://comptoir-du-libre.org/fr/softwares/596";"";"https://code.gouv.fr/sill/fr/software?id=364";"";""
249;"PrimTux";"GNU GPLv3";"Q27024590";231;"";"primtux";"https://primtux.fr/";"https://sourceforge.net/projects/primtux/files/Distribution/";"https://comptoir-du-libre.org/fr/softwares/249";"https://www.wikidata.org/wiki/Q27024590";"https://code.gouv.fr/sill/fr/software?id=231";"";"https://framalibre.org/content/primtux"
584;"Pristy Actes";"GNU aGPL v3";"";"";"";"";"https://pristy.fr";"https://gitlab.com/pristy-oss/pristy-actes";"https://comptoir-du-libre.org/fr/softwares/584";"";"";"";""
483;"Pristy Espaces";"GNU aGPL v3";"";"";"";"";"https://pristy.fr/";"https://gitlab.com/pristy-oss/pristy-espaces";"https://comptoir-du-libre.org/fr/softwares/483";"";"";"";""
823;"PrivateBin";"GNU GPLv2";"";"";"";"";"https://privatebin.info/";"https://github.com/PrivateBin/PrivateBin";"https://comptoir-du-libre.org/fr/softwares/823";"";"";"";""
780;"Processing";"GNU LGPL";"";"";"";"";"https://processing.org";"http://github.com/processing/processing4";"https://comptoir-du-libre.org/fr/softwares/780";"";"";"";""
563;"Prodige";"CeCILL-B";"";343;"";"";"https://www.prodige-opensource.org";"https://gitlab.adullact.net/prodige/pr_prodige";"https://comptoir-du-libre.org/fr/softwares/563";"";"https://code.gouv.fr/sill/fr/software?id=343";"";""
59;"ProjectLibre";"Common Public Attribution License (CPAL)";"Q580985";119;"";"projectlibre";"http://www.projectlibre.com/";"https://sourceforge.net/p/projectlibre/code/ci/master/tree/";"https://comptoir-du-libre.org/fr/softwares/59";"https://www.wikidata.org/wiki/Q580985";"https://code.gouv.fr/sill/fr/software?id=119";"";"https://framalibre.org/content/projectlibre"
375;"ProjeQtOr";"GNU aGPL v3";"Q17501773";192;"";"projeqtor";"https://www.projeqtor.org/fr/";"https://sourceforge.net/projects/projectorria/";"https://comptoir-du-libre.org/fr/softwares/375";"https://www.wikidata.org/wiki/Q17501773";"https://code.gouv.fr/sill/fr/software?id=192";"";"https://framalibre.org/content/projeqtor"
868;"Projets";"GNU aGPL v3";"";"";"";"";"https://projets.suite.anct.gouv.fr/";"https://github.com/suitenumerique/projects";"https://comptoir-du-libre.org/fr/softwares/868";"";"";"";""
374;"Prometheus";"Apache License 2.0";"";187;"";"";"https://prometheus.io/";"https://github.com/prometheus/prometheus";"https://comptoir-du-libre.org/fr/softwares/374";"";"https://code.gouv.fr/sill/fr/software?id=187";"";""
135;"ProtonClassicSuite";"CeCILL V2";"";"";"";"";"https://protonclassic.com";"https://github.com/GiPiLab/ProtonClassicSuite";"https://comptoir-du-libre.org/fr/softwares/135";"";"";"";""
853;"Proton Drive";"MIT";"";"";"";"";"https://proton.me/fr/drive";"https://github.com/ProtonDriveApps";"https://comptoir-du-libre.org/fr/softwares/853";"";"";"";""
601;"Proxmox Backup Server";"GNU aGPL v3";"Q104882439";366;"";"";"https://www.proxmox.com/en/proxmox-backup-server";"https://git.proxmox.com/?p=proxmox-backup.git";"https://comptoir-du-libre.org/fr/softwares/601";"https://www.wikidata.org/wiki/Q104882439";"https://code.gouv.fr/sill/fr/software?id=366";"";""
632;"Proxmox Mail Gateway";"GNU aGPL v3";"Q108039788";404;"";"";"https://www.proxmox.com/en/proxmox-mail-gateway";"https://git.proxmox.com/?p=proxmox-mailgateway.git";"https://comptoir-du-libre.org/fr/softwares/632";"https://www.wikidata.org/wiki/Q108039788";"https://code.gouv.fr/sill/fr/software?id=404";"";""
113;"Proxmox Virtual Environment PVE";"GNU aGPL v3";"Q344376";178;"";"proxmox-virtual-environnement";"https://www.proxmox.com/en/proxmox-ve";"https://git.proxmox.com/";"https://comptoir-du-libre.org/fr/softwares/113";"https://www.wikidata.org/wiki/Q344376";"https://code.gouv.fr/sill/fr/software?id=178";"";"https://framalibre.org/content/proxmox-virtual-environnement"
450;"Proxy EPN";"GNU GPLv3";"";"";"";"";"https://www.proxyepn.org/";"https://project.proxyepn.org/projects/proxyepn/repository";"https://comptoir-du-libre.org/fr/softwares/450";"";"";"";""
586;"Psono";"Apache License 2.0";"";"";"";"";"https://psono.com";"https://gitlab.com/psono/psono-client";"https://comptoir-du-libre.org/fr/softwares/586";"";"";"";""
495;"Publicodes";"MIT";"Q111974596";242;"";"";"https://publi.codes";"https://github.com/betagouv/publicodes";"https://comptoir-du-libre.org/fr/softwares/495";"https://www.wikidata.org/wiki/Q111974596";"https://code.gouv.fr/sill/fr/software?id=242";"";""
26;"Publik";"GNU aGPL v3";"Q110094718";230;"";"";"https://publik.entrouvert.com/";"https://www.entrouvert.com/e-administration/les-logiciels/";"https://comptoir-du-libre.org/fr/softwares/26";"https://www.wikidata.org/wiki/Q110094718";"https://code.gouv.fr/sill/fr/software?id=230";"";""
465;"PubliS2low";"CeCILL V2";"";"";"";"";"https://gitlab.adullact.net/publis2low/publis2low/";"https://gitlab.adullact.net/publis2low/publis2low/";"https://comptoir-du-libre.org/fr/softwares/465";"";"";"";""
377;"Pulse";"GNU GPLv2";"";191;"";"";"https://www.siveo.net/pulse/";"https://github.com/pulse-project/pulse2";"https://comptoir-du-libre.org/fr/softwares/377";"";"https://code.gouv.fr/sill/fr/software?id=191";"";""
622;"PuTTY";"MIT";"Q841685";400;"";"";"https://www.chiark.greenend.org.uk/~sgtatham/putty/latest.html";"https://git.tartarus.org/?p=simon/putty.git";"https://comptoir-du-libre.org/fr/softwares/622";"https://www.wikidata.org/wiki/Q841685";"https://code.gouv.fr/sill/fr/software?id=400";"";""
400;"Pycharm CE";"Apache License 2.0";"Q50557308";215;"";"";"https://www.jetbrains.com/pycharm/";"https://github.com/JetBrains/intellij-community/tree/master/python";"https://comptoir-du-libre.org/fr/softwares/400";"https://www.wikidata.org/wiki/Q50557308";"https://code.gouv.fr/sill/fr/software?id=215";"";""
147;"Pydio";"GNU aGPL v3";"";"";"";"";"https://pydio.com/fr";"https://github.com/pydio/pydio-core";"https://comptoir-du-libre.org/fr/softwares/147";"";"";"";""
653;"Pygbag";"MIT";"";"";"";"";"https://pygame-web.github.io";"https://github.com/pygame-web/pygbag";"https://comptoir-du-libre.org/fr/softwares/653";"";"";"";""
489;"Python";"Python License (Python-2.0)";"Q28865";294;2;"";"https://python.org";"https://github.com/python/cpython/";"https://comptoir-du-libre.org/fr/softwares/489";"https://www.wikidata.org/wiki/Q28865";"https://code.gouv.fr/sill/fr/software?id=294";"https://annuaire.cnll.fr/solutions/2";""
703;"QField";"GNU GPLv2";"";"";"";"";"https://qfield.org";"https://github.com/opengisch/QField";"https://comptoir-du-libre.org/fr/softwares/703";"";"";"";""
60;"QGIS";"GNU GPLv2";"Q1329181";120;157;"qgis";"https://www.qgis.org";"https://github.com/qgis/QGIS.git";"https://comptoir-du-libre.org/fr/softwares/60";"https://www.wikidata.org/wiki/Q1329181";"https://code.gouv.fr/sill/fr/software?id=120";"https://annuaire.cnll.fr/solutions/157";"https://framalibre.org/content/qgis"
488;"QWC";"BSD";"";"";"";"";"https://github.com/qgis/qwc2";"https://github.com/qgis/qwc2";"https://comptoir-du-libre.org/fr/softwares/488";"";"";"";""
520;"R";"GNU GPLv2";"Q206904";278;"";"r";"https://www.r-project.org/";"https://svn.r-project.org/R/trunk/";"https://comptoir-du-libre.org/fr/softwares/520";"https://www.wikidata.org/wiki/Q206904";"https://code.gouv.fr/sill/fr/software?id=278";"";"https://framalibre.org/content/r"
464;"R2Devops";"Creative Commons Attribution-ShareAlike 3.0 licence (CC BY-SA)";"";"";"";"";"https://r2devops.io";"https://gitlab.com/r2devops/hub";"https://comptoir-du-libre.org/fr/softwares/464";"";"";"";""
386;"Rancher";"Apache License 2.0";"";198;"";"";"https://rancher.com/";"https://github.com/rancher/rancher";"https://comptoir-du-libre.org/fr/softwares/386";"";"https://code.gouv.fr/sill/fr/software?id=198";"";""
534;"Raspberry Pi OS";"GNU GPL";"Q890474";300;"";"";"https://www.raspberrypi.com/software/operating-systems/";"https://github.com/raspberrypi";"https://comptoir-du-libre.org/fr/softwares/534";"https://www.wikidata.org/wiki/Q890474";"https://code.gouv.fr/sill/fr/software?id=300";"";""
413;"RaspiSMS";"GNU GPLv3";"";"";"";"";"https://raspisms.fr";"https://github.com/RaspbianFrance/raspisms/";"https://comptoir-du-libre.org/fr/softwares/413";"";"";"";""
389;"Rdiff-backup";"GNU GPLv2";"";"";"";"";"https://rdiff-backup.net";"https://github.com/rdiff-backup/rdiff-backup";"https://comptoir-du-libre.org/fr/softwares/389";"";"";"";""
764;"RDV Service Public ";"GNU aGPL v3";"";"";"";"";"https://rdv.anct.gouv.fr/";"https://github.com/betagouv/rdv-service-public";"https://comptoir-du-libre.org/fr/softwares/764";"";"";"";""
767;"Récolt'Ô";"MIT";"";"";"";"";"https://recolto.fr/";"https://github.com/makinacorpus/Recolto";"https://comptoir-du-libre.org/fr/softwares/767";"";"";"";""
365;"Redis";"BSD";"Q2136322";184;"";"";"https://redis.io";"https://github.com/antirez/redis";"https://comptoir-du-libre.org/fr/softwares/365";"https://www.wikidata.org/wiki/Q2136322";"https://code.gouv.fr/sill/fr/software?id=184";"";""
197;"Redmine";"GNU GPL";"Q1149365";122;381;"";"http://www.redmine.org/";"https://svn.redmine.org/redmine";"https://comptoir-du-libre.org/fr/softwares/197";"https://www.wikidata.org/wiki/Q1149365";"https://code.gouv.fr/sill/fr/software?id=122";"https://annuaire.cnll.fr/solutions/381";""
616;"Remmina";"GNU GPLv2";"Q82148";389;"";"";"https://remmina.org/";"https://gitlab.com/Remmina/Remmina";"https://comptoir-du-libre.org/fr/softwares/616";"https://www.wikidata.org/wiki/Q82148";"https://code.gouv.fr/sill/fr/software?id=389";"";""
742;"Restreamer";"Apache License 2.0";"";"";"";"";"https://datarhei.github.io/restreamer/";"https://github.com/datarhei/restreamer";"https://comptoir-du-libre.org/fr/softwares/742";"";"";"";""
200;"RocketChat";"MIT";"Q24050001";124;"";"";"https://rocket.chat/";"https://github.com/RocketChat/Rocket.Chat";"https://comptoir-du-libre.org/fr/softwares/200";"https://www.wikidata.org/wiki/Q24050001";"https://code.gouv.fr/sill/fr/software?id=124";"";""
455;"Rocky Linux";"BSD";"Q104102686";385;"";"";"https://rockylinux.org/fr/";"https://github.com/rocky-linux";"https://comptoir-du-libre.org/fr/softwares/455";"https://www.wikidata.org/wiki/Q104102686";"https://code.gouv.fr/sill/fr/software?id=385";"";""
414;"RosarioSIS";"GNU GPLv2";"";"";"";"";"https://www.rosariosis.org/fr/";"https://gitlab.com/francoisjacquet/rosariosis/";"https://comptoir-du-libre.org/fr/softwares/414";"";"";"";""
112;"Roundcube";"CeCILL V2";"Q1769269";68;"";"";"http://www.roundcube.net";"http://www.roundcube.net";"https://comptoir-du-libre.org/fr/softwares/112";"https://www.wikidata.org/wiki/Q1769269";"https://code.gouv.fr/sill/fr/software?id=68";"";""
366;"RStudio";"GNU aGPL v3";"Q4798119";182;"";"rstudio";"https://rstudio.com/";"https://github.com/rstudio/rstudio";"https://comptoir-du-libre.org/fr/softwares/366";"https://www.wikidata.org/wiki/Q4798119";"https://code.gouv.fr/sill/fr/software?id=182";"";"https://framalibre.org/content/rstudio"
612;"rsyslog";"LGPLv3";"Q995115";387;"";"";"https://www.rsyslog.com/";"https://github.com/rsyslog/rsyslog";"https://comptoir-du-libre.org/fr/softwares/612";"https://www.wikidata.org/wiki/Q995115";"https://code.gouv.fr/sill/fr/software?id=387";"";""
48;"Rubedo";"GNU GPLv3";"";"";"";"";"http://www.rubedo-project.org";"https://github.com/WebTales/rubedo";"https://comptoir-du-libre.org/fr/softwares/48";"";"";"";""
227;"Rudder";"Apache License 2.0";"Q16673801";164;163;"";"http://www.rudder-project.org/";"https://github.com/Normation/rudder";"https://comptoir-du-libre.org/fr/softwares/227";"https://www.wikidata.org/wiki/Q16673801";"https://code.gouv.fr/sill/fr/software?id=164";"https://annuaire.cnll.fr/solutions/163";""
229;"RunDeck";"Apache License 2.0";"Q56317793";125;"";"";"https://rundeck.org/";"https://github.com/rundeck/rundeck";"https://comptoir-du-libre.org/fr/softwares/229";"https://www.wikidata.org/wiki/Q56317793";"https://code.gouv.fr/sill/fr/software?id=125";"";""
560;"RustDesk";"GNU aGPL v3";"";371;"";"";"https://rustdesk.com/";"https://github.com/rustdesk/rustdesk";"https://comptoir-du-libre.org/fr/softwares/560";"";"https://code.gouv.fr/sill/fr/software?id=371";"";""
5;"S²LOW";"GNU aGPL v3";"";"";"";"";"http://s2low.org/";"https://gitlab.adullact.net/Libriciel/s2low";"https://comptoir-du-libre.org/fr/softwares/5";"";"";"";""
224;"SaltStack";"Apache License 2.0";"Q7405800";126;"";"";"http://www.saltstack.com/";"https://github.com/saltstack/salt";"https://comptoir-du-libre.org/fr/softwares/224";"https://www.wikidata.org/wiki/Q7405800";"https://code.gouv.fr/sill/fr/software?id=126";"";""
142;"samba";"GNU GPLv3";"Q1830735";127;506;"";"https://www.samba.org/";"https://git.samba.org/samba.git/";"https://comptoir-du-libre.org/fr/softwares/142";"https://www.wikidata.org/wiki/Q1830735";"https://code.gouv.fr/sill/fr/software?id=127";"https://annuaire.cnll.fr/solutions/506";""
253;"SambaÉdu";"GNU GPLv3";"Q16675432";232;"";"";"https://www.sambaedu.org";"https://gitlab.sambaedu.org/";"https://comptoir-du-libre.org/fr/softwares/253";"https://www.wikidata.org/wiki/Q16675432";"https://code.gouv.fr/sill/fr/software?id=232";"";""
151;"ScadaBR";"GNU GPL";"";"";"";"";"http://www.scadabr.com.br/";"https://github.com/SCADA-LTS/Scada-LTS";"https://comptoir-du-libre.org/fr/softwares/151";"";"";"";""
571;"Scaphandre";"Apache License 2.0";"";"";"";"";"https://hubblo.org/";"https://github.com/hubblo-org/scaphandre";"https://comptoir-du-libre.org/fr/softwares/571";"";"";"";""
661;"Scodoc";"GNU GPLv2";"";"";"";"";"https://scodoc.org/";"https://scodoc.org/git/ScoDoc/ScoDoc";"https://comptoir-du-libre.org/fr/softwares/661";"";"";"";""
788;"Scratch";"GNU aGPL v3";"";"";"";"";"https://scratch.mit.edu/download";"https://github.com/scratchfoundation";"https://comptoir-du-libre.org/fr/softwares/788";"";"";"";""
634;"Scribe - CEMEA ";"GNU aGPL v3";"";408;"";"";"https://scribe.cemea.org/";"https://gitlab.cemea.org/mallette/scribe";"https://comptoir-du-libre.org/fr/softwares/634";"";"https://code.gouv.fr/sill/fr/software?id=408";"";""
76;"Scribus";"GNU GPLv2";"Q8295";128;4;"scribus";"https://www.scribus.net/";"https://www.scribus.net/";"https://comptoir-du-libre.org/fr/softwares/76";"https://www.wikidata.org/wiki/Q8295";"https://code.gouv.fr/sill/fr/software?id=128";"https://annuaire.cnll.fr/solutions/4";"https://framalibre.org/content/scribus"
388;"SDK Géoportail";"CeCILL-B";"";201;"";"";"https://geoservices.ign.fr/documentation/utilisation_web/sdk.html";"https://github.com/IGNF/geoportal-sdk";"https://comptoir-du-libre.org/fr/softwares/388";"";"https://code.gouv.fr/sill/fr/software?id=201";"";""
538;" SDKMAN!";"Apache License 2.0";"";261;"";"";"https://sdkman.io";"https://github.com/sdkman";"https://comptoir-du-libre.org/fr/softwares/538";"";"https://code.gouv.fr/sill/fr/software?id=261";"";""
623;"Seafile";"GNU GPLv2";"Q12072480";401;"";"";"https://www.seafile.com/en/home/";"https://github.com/haiwen/seafile";"https://comptoir-du-libre.org/fr/softwares/623";"https://www.wikidata.org/wiki/Q12072480";"https://code.gouv.fr/sill/fr/software?id=401";"";""
367;" SecureFlag Community Edition";"Apache License 2.0";"";183;"";"";"https://owasp.org/www-project-secureflag-community-edition/";"https://gitlab.com/secureflag-community";"https://comptoir-du-libre.org/fr/softwares/367";"";"https://code.gouv.fr/sill/fr/software?id=183";"";""
311;"Selenium IDE";"Apache License 2.0";"";"";"";"";"https://www.seleniumhq.org/selenium-ide/";"https://github.com/SeleniumHQ/selenium-ide";"https://comptoir-du-libre.org/fr/softwares/311";"";"";"";""
188;"Selenium Server";"Apache License 2.0";"";130;"";"";"http://seleniumhq.org/";"https://github.com/SeleniumHQ/selenium";"https://comptoir-du-libre.org/fr/softwares/188";"";"https://code.gouv.fr/sill/fr/software?id=130";"";""
824;"Send";"Mozilla Public License, version 2.0";"";"";"";"";"https://timvisee.com/projects/send/";"https://github.com/timvisee/send";"https://comptoir-du-libre.org/fr/softwares/824";"";"";"";""
822;"ShareX";"GNU GPLv3";"";"";"";"";"https://getsharex.com/";"https://github.com/ShareX/ShareX";"https://comptoir-du-libre.org/fr/softwares/822";"";"";"";""
302;"Shinken";"GNU aGPL v3";"";"";"";"";"http://www.shinken-monitoring.org/";"https://github.com/naparuba/shinken";"https://comptoir-du-libre.org/fr/softwares/302";"";"";"";""
436;"SHOTCUT";"GNU GPLv3";"";363;"";"";"https://shotcut.org/";"https://github.com/mltframework/shotcut";"https://comptoir-du-libre.org/fr/softwares/436";"";"https://code.gouv.fr/sill/fr/software?id=363";"";""
553;"ShredOS";"GNU GPLv2";"Q115679750";327;"";"";"https://github.com/PartialVolume/shredos.x86_64";"https://github.com/PartialVolume/shredos.x86_64";"https://comptoir-du-libre.org/fr/softwares/553";"https://www.wikidata.org/wiki/Q115679750";"https://code.gouv.fr/sill/fr/software?id=327";"";""
573;"Sigle";"MIT";"";"";"";"";"https://www.sigle.io/";"https://github.com/sigle/sigle";"https://comptoir-du-libre.org/fr/softwares/573";"";"";"";""
805;"Signature PDF";"GNU aGPL v3";"";"";"";"";"https://pdf.24eme.fr/";"https://github.com/24eme/signaturepdf";"https://comptoir-du-libre.org/fr/softwares/805";"";"";"";""
826;"SignClic";"Apache License 2.0";"";"";"";"";"https://signclic.girondenumerique.fr/";"https://gitlab.girondenumerique.fr/GirNumOpenSource/signclic";"https://comptoir-du-libre.org/fr/softwares/826";"";"";"";""
694;"Silverpeas";"GNU aGPL v3";"";"";"";"";"https://www.silverpeas.org/";"https://github.com/Silverpeas/";"https://comptoir-du-libre.org/fr/softwares/694";"";"";"";""
844;"Sinamet";"MIT";"";"";"";"";"https://dynartio.com/sinamet/";"https://gitlab.com/dynartio/sinamet";"https://comptoir-du-libre.org/fr/softwares/844";"";"";"";""
732;"Siril";"GNU GPLv3";"";"";"";"";"https://siril.org/";"https://gitlab.com/free-astro/siril";"https://comptoir-du-libre.org/fr/softwares/732";"";"";"";""
149;"SMPlayer";"GNU GPL";"";"";"";"";"http://www.smplayer.info/";"https://sourceforge.net/p/smplayer/code/HEAD/tree/";"https://comptoir-du-libre.org/fr/softwares/149";"";"";"";""
186;"SoapUI";"MIT";"Q2296314";132;"";"";"https://www.soapui.org/";"https://github.com/SmartBear/soapui";"https://comptoir-du-libre.org/fr/softwares/186";"https://www.wikidata.org/wiki/Q2296314";"https://code.gouv.fr/sill/fr/software?id=132";"";""
139;"SOGo";"GNU GPLv2";"Q1523357";171;"";"";"https://sogo.nu";"https://github.com/Alinto/sogo";"https://comptoir-du-libre.org/fr/softwares/139";"https://www.wikidata.org/wiki/Q1523357";"https://code.gouv.fr/sill/fr/software?id=171";"";""
323;"Solution logicielle Vitam";"CeCILL V2";"Q65130365";194;"";"";"https://www.programmevitam.fr/";"https://github.com/ProgrammeVitam/vitam";"https://comptoir-du-libre.org/fr/softwares/323";"https://www.wikidata.org/wiki/Q65130365";"https://code.gouv.fr/sill/fr/software?id=194";"";""
181;"SonarQube";"GNU LGPL";"Q541691";133;"";"";"http://www.sonarqube.org/";"https://github.com/SonarSource/sonarqube";"https://comptoir-du-libre.org/fr/softwares/181";"https://www.wikidata.org/wiki/Q541691";"https://code.gouv.fr/sill/fr/software?id=133";"";""
308;"SonarQube Plugin:CheckStyle";"GNU aGPL v3";"";165;"";"";"http://checkstyle.sourceforge.net/";"https://github.com/checkstyle/checkstyle";"https://comptoir-du-libre.org/fr/softwares/308";"";"https://code.gouv.fr/sill/fr/software?id=165";"";""
307;"SonarQube Plugin:FindBugs";"LGPLv3";"";134;"";"";"http://findbugs.sourceforge.net/";"https://github.com/findbugsproject/findbugs";"https://comptoir-du-libre.org/fr/softwares/307";"";"https://code.gouv.fr/sill/fr/software?id=134";"";""
309;"SonarQube Plugin:PMD";"BSD";"";166;"";"";"https://pmd.github.io/";"https://github.com/pmd/pmd";"https://comptoir-du-libre.org/fr/softwares/309";"";"https://code.gouv.fr/sill/fr/software?id=166";"";""
568;"SO Planning";"GNU GPLv3";"";"";"";"";"https://www.soplanning.org";"https://sourceforge.net/projects/soplanning/files/";"https://comptoir-du-libre.org/fr/softwares/568";"";"";"";""
506;"Spectacle";"GNU GPLv2";"Q48892923";307;"";"";"https://apps.kde.org/fr/spectacle/";"https://invent.kde.org/graphics/spectacle";"https://comptoir-du-libre.org/fr/softwares/506";"https://www.wikidata.org/wiki/Q48892923";"https://code.gouv.fr/sill/fr/software?id=307";"";""
36;"SPIP";"GNU GPL";"Q1536426";211;502;"spip";"http://www.spip.net/";"https://git.spip.net/SPIP/spip.git";"https://comptoir-du-libre.org/fr/softwares/36";"https://www.wikidata.org/wiki/Q1536426";"https://code.gouv.fr/sill/fr/software?id=211";"https://annuaire.cnll.fr/solutions/502";"https://framalibre.org/content/spip"
172;"Spring boot";"Apache License 2.0";"";135;"";"";"https://spring.io/projects/spring-boot";"https://github.com/spring-projects/spring-boot";"https://comptoir-du-libre.org/fr/softwares/172";"";"https://code.gouv.fr/sill/fr/software?id=135";"";""
189;"Squash AUTOM (previous module from SquashTM)";"Apache License 2.0";"Q110620332";302;"";"";"https://www.squashtm.com";"https://gitlab.com/henixdevelopment/open-source";"https://comptoir-du-libre.org/fr/softwares/189";"https://www.wikidata.org/wiki/Q110620332";"https://code.gouv.fr/sill/fr/software?id=302";"";""
190;"SquashTM";"LGPLv3";"";137;"";"";"http://www.squashtm.com";"https://gitlab.com/henixdevelopment/open-source/squash-tm";"https://comptoir-du-libre.org/fr/softwares/190";"";"https://code.gouv.fr/sill/fr/software?id=137";"";""
159;"Squid";"GNU GPL";"Q841783";138;"";"";"http://www.squid-cache.org/";"https://github.com/squid-cache/squid";"https://comptoir-du-libre.org/fr/softwares/159";"https://www.wikidata.org/wiki/Q841783";"https://code.gouv.fr/sill/fr/software?id=138";"";""
161;"Squid Analyzer";"GNU GPLv3";"";"";"";"";"http://squidanalyzer.darold.net";"https://github.com/darold/squidanalyzer";"https://comptoir-du-libre.org/fr/softwares/161";"";"";"";""
160;"SquidGuard";"GNU GPL";"";"";"";"";"http://squidguard.org/";"http://squidguard.org/download.html";"https://comptoir-du-libre.org/fr/softwares/160";"";"";"";""
475;"Step-ca";"Apache License 2.0";"";"";"";"";"https://smallstep.com/certificates/";"https://github.com/smallstep/certificates";"https://comptoir-du-libre.org/fr/softwares/475";"";"";"";""
762;"Stirling PDF";"MIT";"";"";"";"";"https://www.stirlingpdf.com/";"https://github.com/Stirling-Tools/Stirling-PDF";"https://comptoir-du-libre.org/fr/softwares/762";"";"";"";""
266;"Studs";"CeCILL-B";"";"";"";"";"https://sourcesup.renater.fr/projects/studs/";"https://sourcesup.renater.fr/projects/studs/";"https://comptoir-du-libre.org/fr/softwares/266";"";"";"";""
558;"Sugarizer";"Apache License 2.0";"Q114097965";332;"";"sugarizer";"https://sugarizer.org";"https://github.com/llaske/sugarizer";"https://comptoir-du-libre.org/fr/softwares/558";"https://www.wikidata.org/wiki/Q114097965";"https://code.gouv.fr/sill/fr/software?id=332";"";"https://framalibre.org/content/sugarizer"
523;"SuiteCRM";"GNU aGPL v3";"Q16294867";257;"";"suitecrm";"https://suitecrm.com";"https://github.com/salesagility/SuiteCRM";"https://comptoir-du-libre.org/fr/softwares/523";"https://www.wikidata.org/wiki/Q16294867";"https://code.gouv.fr/sill/fr/software?id=257";"";"https://framalibre.org/content/suitecrm"
57;"Sumatra PDF";"GNU GPLv3";"Q479808";139;"";"sumatra-pdf";"https://www.sumatrapdfreader.org/";"https://github.com/sumatrapdfreader/sumatrapdf.git";"https://comptoir-du-libre.org/fr/softwares/57";"https://www.wikidata.org/wiki/Q479808";"https://code.gouv.fr/sill/fr/software?id=139";"";"https://framalibre.org/content/sumatra-pdf"
230;"Swarm";"Creative Commons Attribution-ShareAlike 3.0 licence (CC BY-SA)";"Q7653883";140;"";"";"https://docs.docker.com/swarm/overview/";"https://github.com/docker/swarm";"https://comptoir-du-libre.org/fr/softwares/230";"https://www.wikidata.org/wiki/Q7653883";"https://code.gouv.fr/sill/fr/software?id=140";"";""
551;"Sygefor";"CeCILL V2";"Q113775006";328;"";"";"https://sygefor.reseau-urfist.fr/";"https://github.com/sygefor/sygefor";"https://comptoir-du-libre.org/fr/softwares/551";"https://www.wikidata.org/wiki/Q113775006";"https://code.gouv.fr/sill/fr/software?id=328";"";""
279;"Symfony";"MIT";"Q1322933";247;193;"";"https://symfony.com/";"https://github.com/symfony/symfony";"https://comptoir-du-libre.org/fr/softwares/279";"https://www.wikidata.org/wiki/Q1322933";"https://code.gouv.fr/sill/fr/software?id=247";"https://annuaire.cnll.fr/solutions/193";""
281;"Sympa";"GNU GPLv2";"Q1850168";142;"";"";"https://www.sympa.org/";"https://www.sympa.org/distribution/";"https://comptoir-du-libre.org/fr/softwares/281";"https://www.wikidata.org/wiki/Q1850168";"https://code.gouv.fr/sill/fr/software?id=142";"";""
820;"Sync-in";"GNU aGPL v3";"";"";"";"";"https://sync-in.com/fr/";"https://github.com/Sync-in";"https://comptoir-du-libre.org/fr/softwares/820";"";"";"";""
242;"Syslog-ng";"GNU LGPL";"Q467865";143;"";"";"https://www.syslog-ng.com/products/open-source-log-management/";"https://github.com/balabit/syslog-ng";"https://comptoir-du-libre.org/fr/softwares/242";"https://www.wikidata.org/wiki/Q467865";"https://code.gouv.fr/sill/fr/software?id=143";"";""
540;"Taiga";"GNU aGPL v3";"Q22909254";282;"";"";"https://www.taiga.io";"https://github.com/kaleidos-ventures/taiga-back";"https://comptoir-du-libre.org/fr/softwares/540";"https://www.wikidata.org/wiki/Q22909254";"https://code.gouv.fr/sill/fr/software?id=282";"";""
808;"Talaxie";"Apache License 2.0";"";"";"";"";"https://deilink.fr/#/tos";"https://github.com/Talaxie";"https://comptoir-du-libre.org/fr/softwares/808";"";"";"";""
701;"TALEA";"GNU GPLv3";"";"";"";"";"https://www.philnoug.com/talea";"https://github.com/philippe-nougaillon/talea2";"https://comptoir-du-libre.org/fr/softwares/701";"";"";"";""
305;"Tanaguru";"GNU aGPL v3";"";145;"";"";"http://www.tanaguru.com/fr/";"https://github.com/Tanaguru/Tanaguru";"https://comptoir-du-libre.org/fr/softwares/305";"";"https://code.gouv.fr/sill/fr/software?id=145";"";""
518;"TDP";"Apache License 2.0";"Q112194385";281;"";"";"https://trunkdataplatform.io/";"https://github.com/TOSIT-IO/TDP";"https://comptoir-du-libre.org/fr/softwares/518";"https://www.wikidata.org/wiki/Q112194385";"https://code.gouv.fr/sill/fr/software?id=281";"";""
343;"TeamWorks - Gestion d'équipes";"GNU GPL";"";"";"";"";"https://www.teamworks.ovh";"https://github.com/Noethys/Teamworks";"https://comptoir-du-libre.org/fr/softwares/343";"";"";"";""
662;"Teddy";"GNU GPLv2";"";"";"";"";"https://github.com/sismics/docs";"https://github.com/sismics/docs";"https://comptoir-du-libre.org/fr/softwares/662";"";"";"";""
833;"Tenzu";"GNU aGPL v3";"";"";"";"";"https://tenzu.net/";"https://github.com/BIRU-Scop/tenzu-back";"https://comptoir-du-libre.org/fr/softwares/833";"";"";"";""
666;"TerraObs";"MIT";"";"";"";"";"https://territoires.makina-corpus.com/terra-obs";"https://github.com/Terralego";"https://comptoir-du-libre.org/fr/softwares/666";"";"";"";""
664;"TerraVisu";"MIT";"";"";"";"";"https://territoires.makina-corpus.com/terrra-visu";"https://github.com/Terralego/TerraVisu";"https://comptoir-du-libre.org/fr/softwares/664";"";"";"";""
831;"TerriSTORY";"GNU aGPL v3";"";"";"";"";"https://terristory.fr";"https://gitlab.com/terristory/terristory";"https://comptoir-du-libre.org/fr/softwares/831";"";"";"";""
191;"TestLink";"GNU GPLv2";"Q248384";146;"";"";"http://www.testlink.org/";"https://github.com/TestLinkOpenSourceTRMS/testlink-code";"https://comptoir-du-libre.org/fr/softwares/191";"https://www.wikidata.org/wiki/Q248384";"https://code.gouv.fr/sill/fr/software?id=146";"";""
493;"Thelia";"GNU LGPL";"";"";"";"";"https://thelia.net/";"https://github.com/thelia/thelia";"https://comptoir-du-libre.org/fr/softwares/493";"";"";"";""
162;"ThingsBoard";"Apache License 2.0";"";"";"";"";"https://thingsboard.io/";"https://github.com/thingsboard/thingsboard";"https://comptoir-du-libre.org/fr/softwares/162";"";"";"";""
410;"Thorium reader";"BSD";"";"";"";"";"https://www.edrlab.org/software/thorium-reader/";"https://github.com/edrlab/thorium-reader";"https://comptoir-du-libre.org/fr/softwares/410";"";"";"";""
80;"Thunderbird";"Creative Commons Attribution-ShareAlike 3.0 licence (CC BY-SA)";"Q483604";147;"";"thunderbird";"https://www.mozilla.org/fr/thunderbird/";"https://www.mozilla.org/fr/thunderbird/";"https://comptoir-du-libre.org/fr/softwares/80";"https://www.wikidata.org/wiki/Q483604";"https://code.gouv.fr/sill/fr/software?id=147";"";"https://framalibre.org/content/thunderbird"
743;"TigerSafe";"GNU GPLv2";"";"";"";"";"https://github.com/tigeriodev/tigersafe/wiki/Installation-instructions";"https://github.com/tigeriodev/tigersafe";"https://comptoir-du-libre.org/fr/softwares/743";"";"";"";""
802;"Tiki Wiki CMS Groupeware";"GNU LGPL";"";"";"";"";"https://tiki.org";"https://gitlab.com/tikiwiki/tiki";"https://comptoir-du-libre.org/fr/softwares/802";"";"";"";""
205;"Tomcat";"Apache License 2.0";"Q507430";10;397;"";"https://tomcat.apache.org/";"https://tomcat.apache.org/source.html";"https://comptoir-du-libre.org/fr/softwares/205";"https://www.wikidata.org/wiki/Q507430";"https://code.gouv.fr/sill/fr/software?id=10";"https://annuaire.cnll.fr/solutions/397";""
468;"Topaze";"LGPLv3";"Q112062753";239;"";"topaze";"https://doc.scenari.software/Topaze/fr/";"https://source.scenari.software/projects/topaze";"https://comptoir-du-libre.org/fr/softwares/468";"https://www.wikidata.org/wiki/Q112062753";"https://code.gouv.fr/sill/fr/software?id=239";"";"https://framalibre.org/content/topaze"
696;"TOP'EAU";"GNU GPLv3";"";"";"";"";"https://gitlab.bemapguest.eu/public-resources/sig-eaux-bmg/-/blob/master/doc/PRESENTATION.md";"https://gitlab.bemapguest.eu/public-resources/sig-eaux-bmg";"https://comptoir-du-libre.org/fr/softwares/696";"";"";"";""
445;"Tracemob";"BSD";"";"";"";"";"https://lafabriquedesmobilites.fr/tracemob/";"https://github.com/fabmob/tracemob-phone/";"https://comptoir-du-libre.org/fr/softwares/445";"";"";"";""
273;"Tracim";"MIT";"";213;"";"";"http://tracim.fr/";"https://github.com/tracim/tracim";"https://comptoir-du-libre.org/fr/softwares/273";"";"https://code.gouv.fr/sill/fr/software?id=213";"";""
635;"transfer.sh";"MIT";"";409;"";"";"https://transfer.sh";"https://github.com/dutchcoders/transfer.sh";"https://comptoir-du-libre.org/fr/softwares/635";"";"https://code.gouv.fr/sill/fr/software?id=409";"";""
729;"TRIADE";"GNU GPLv2";"";"";"";"";"https://triade-educ.org/fr/";"https://github.com/TRIADE-EDUC/TRIADE";"https://comptoir-du-libre.org/fr/softwares/729";"";"";"";""
846;"Trillium";"GNU aGPL v3";"";"";"";"";"https://triliumnotes.org/";"https://github.com/TriliumNext/Trilium";"https://comptoir-du-libre.org/fr/softwares/846";"";"";"";""
557;"Trivy";"Apache License 2.0";"";329;"";"";"https://aquasecurity.github.io/trivy";"https://github.com/aquasecurity/trivy";"https://comptoir-du-libre.org/fr/softwares/557";"";"https://code.gouv.fr/sill/fr/software?id=329";"";""
143;"Tryton";"GNU GPLv3";"";"";"";"";"http://www.tryton.org/";"http://hg.tryton.org/";"https://comptoir-du-libre.org/fr/softwares/143";"";"";"";""
325;"Tuleap";"GNU GPLv2";"Q3541946";221;"";"tuleap";"https://www.tuleap.org/";"https://tuleap.net/plugins/git/tuleap/tuleap/stable";"https://comptoir-du-libre.org/fr/softwares/325";"https://www.wikidata.org/wiki/Q3541946";"https://code.gouv.fr/sill/fr/software?id=221";"";"https://framalibre.org/content/tuleap"
579;"Twake";"GNU aGPL v3";"";"";"";"";"https://twake.app/fr";"https://github.com/linagora/Twake";"https://comptoir-du-libre.org/fr/softwares/579";"";"";"";""
87;"TYPO3";"GNU GPLv2";"Q618512";203;"";"";"https://typo3.org/";"https://git.typo3.org/";"https://comptoir-du-libre.org/fr/softwares/87";"https://www.wikidata.org/wiki/Q618512";"https://code.gouv.fr/sill/fr/software?id=203";"";""
288;"uBlock Origin";"GNU GPLv3";"Q19881587";149;"";"ublock-origin";"https://github.com/gorhill/uBlock";"https://github.com/gorhill/uBlock";"https://comptoir-du-libre.org/fr/softwares/288";"https://www.wikidata.org/wiki/Q19881587";"https://code.gouv.fr/sill/fr/software?id=149";"";"https://framalibre.org/content/ublock-origin"
498;"UData";"GNU aGPL v3";"Q99493159";245;"";"";"https://udata.readthedocs.io";"https://github.com/opendatateam/udata";"https://comptoir-du-libre.org/fr/softwares/498";"https://www.wikidata.org/wiki/Q99493159";"https://code.gouv.fr/sill/fr/software?id=245";"";""
53;"UltraCopier";"GNU GPLv3";"";"";"";"";"http://ultracopier-fr.first-world.info/";" git://github.com/alphaonex86/Ultracopier.git";"https://comptoir-du-libre.org/fr/softwares/53";"";"";"";""
71;"Ultradefrag";"GNU GPL";"";"";"";"";"http://ultradefrag.sourceforge.net/en/index.html";"https://github.com/svn2github/UltraDefrag.git";"https://comptoir-du-libre.org/fr/softwares/71";"";"";"";""
292;"uMap";"MIT";"";150;"";"";"https://umap-project.org/fr/";"https://github.com/umap-project/umap";"https://comptoir-du-libre.org/fr/softwares/292";"";"https://code.gouv.fr/sill/fr/software?id=150";"";""
836;"Unlock My Data";"MIT";"";"";"";"";"https://unlock-my-data.com/";"https://github.com/les-enovateurs/unlock-my-data";"https://comptoir-du-libre.org/fr/softwares/836";"";"";"";""
604;"UpdatEngine-NG";"GNU GPLv2";"";376;"";"";"https://updatengine-ng.com/";"https://github.com/updatengine-ng/updatengine-server";"https://comptoir-du-libre.org/fr/softwares/604";"";"https://code.gouv.fr/sill/fr/software?id=376";"";""
419;"uPortal";"Apache License 2.0";"Q3547301";220;"";"";"https://www.apereo.org/projects/uportal";"https://github.com/uPortal-Project/uPortal";"https://comptoir-du-libre.org/fr/softwares/419";"https://www.wikidata.org/wiki/Q3547301";"https://code.gouv.fr/sill/fr/software?id=220";"";""
600;"Uptime Kuma";"MIT";"Q118611125";365;"";"";"https://uptime.kuma.pet/";"https://github.com/louislam/uptime-kuma";"https://comptoir-du-libre.org/fr/softwares/600";"https://www.wikidata.org/wiki/Q118611125";"https://code.gouv.fr/sill/fr/software?id=365";"";""
668;"Urbackup";"GNU aGPL v3";"";"";"";"";"https://www.urbackup.org/";"https://github.com/uroni/urbackup_backend";"https://comptoir-du-libre.org/fr/softwares/668";"";"";"";""
830;"URL shortener";"Apache License 2.0";"";"";"";"";"https://gn33.fr/";"https://gitlab.girondenumerique.fr/GirNumOpenSource/url-shortener";"https://comptoir-du-libre.org/fr/softwares/830";"";"";"";""
621;"Vagrant";"MIT";"";"";"";"";"https://www.vagrantup.com/";"https://github.com/hashicorp/vagrant";"https://comptoir-du-libre.org/fr/softwares/621";"";"";"";""
747;"Validata";"GNU GPLv3";"";"";"";"";"https://validata.fr";"https://gitlab.com/validata-table/validata-table/";"https://comptoir-du-libre.org/fr/softwares/747";"";"";"";""
214;"Varnish";"BSD";"Q1602447";152;"";"";"https://www.varnish-cache.org/";"https://github.com/varnishcache/varnish-cache";"https://comptoir-du-libre.org/fr/softwares/214";"https://www.wikidata.org/wiki/Q1602447";"https://code.gouv.fr/sill/fr/software?id=152";"";""
312;"Vault";"Mozilla Public License, version 2.0";"";"";"";"";"https://www.vaultproject.io/";"https://github.com/hashicorp/vault";"https://comptoir-du-libre.org/fr/softwares/312";"";"";"";""
720;"Vaultwarden";"GNU GPLv3";"";"";"";"";"https://www.vaultwarden.net/";"https://github.com/dani-garcia/vaultwarden";"https://comptoir-du-libre.org/fr/softwares/720";"";"";"";""
607;"Ventoy";"GNU GPLv3";"Q106129644";370;"";"";"https://www.ventoy.net";"https://github.com/ventoy/Ventoy";"https://comptoir-du-libre.org/fr/softwares/607";"https://www.wikidata.org/wiki/Q106129644";"https://code.gouv.fr/sill/fr/software?id=370";"";""
51;"VeraCrypt";"Apache License 2.0";"Q19911889";154;"";"veracrypt";"https://www.veracrypt.fr/";"https://veracrypt.fr/code/VeraCrypt/";"https://comptoir-du-libre.org/fr/softwares/51";"https://www.wikidata.org/wiki/Q19911889";"https://code.gouv.fr/sill/fr/software?id=154";"";"https://framalibre.org/content/veracrypt"
841;"Vido / Cartoguide";"GNU aGPL v3";"";"";"";"";"https://www.teritorio.fr/fr/solution/webapplication-cartoguide/";"https://github.com/teritorio/vido";"https://comptoir-du-libre.org/fr/softwares/841";"";"";"";""
779;"Vikunja";"GNU aGPL v3";"";"";"";"";"https://vikunja.io";"https://github.com/go-vikunja/vikunja";"https://comptoir-du-libre.org/fr/softwares/779";"";"";"";""
517;"Vim";"GNU GPL";"Q131382";283;374;"vim";"https://www.vim.org";"https://github.com/vim/vim";"https://comptoir-du-libre.org/fr/softwares/517";"https://www.wikidata.org/wiki/Q131382";"https://code.gouv.fr/sill/fr/software?id=283";"https://annuaire.cnll.fr/solutions/374";"https://framalibre.org/content/vim"
828;"Visa";"Apache License 2.0";"";"";"";"";"https://visa.girondenumerique.fr/";"https://gitlab.girondenumerique.fr/GirNumOpenSource/visa";"https://comptoir-du-libre.org/fr/softwares/828";"";"";"";""
511;"VisiData";"GNU GPLv3";"Q61101023";299;"";"";"https://www.visidata.org";"https://github.com/saulpw/visidata";"https://comptoir-du-libre.org/fr/softwares/511";"https://www.wikidata.org/wiki/Q61101023";"https://code.gouv.fr/sill/fr/software?id=299";"";""
62;"VLC";"Creative Commons Attribution-ShareAlike 3.0 licence (CC BY-SA)";"Q171477";156;"";"vlc";"https://www.videolan.org/vlc/";"https://code.videolan.org/videolan/vlc";"https://comptoir-du-libre.org/fr/softwares/62";"https://www.wikidata.org/wiki/Q171477";"https://code.gouv.fr/sill/fr/software?id=156";"";"https://framalibre.org/content/vlc"
289;"VRT Network Equipment";"Creative Commons Attribution-ShareAlike 3.0 licence (CC BY-SA)";"";157;"";"";"https://extensions.libreoffice.org/extensions/vrt-network-equipment";"https://bitbucket.org/vrtsystems/odf-extension-vrt-network-equipment/src";"https://comptoir-du-libre.org/fr/softwares/289";"";"https://code.gouv.fr/sill/fr/software?id=157";"";""
171;"VSCodium";"MIT";"Q111967621";155;"";"";"https://vscodium.com/";"https://github.com/VSCodium/vscodium";"https://comptoir-du-libre.org/fr/softwares/171";"https://www.wikidata.org/wiki/Q111967621";"https://code.gouv.fr/sill/fr/software?id=155";"";""
406;"Vulture Project";"LGPLv3";"";265;"";"";"https://www.vultureproject.org/";"https://github.com/VultureProject/";"https://comptoir-du-libre.org/fr/softwares/406";"";"https://code.gouv.fr/sill/fr/software?id=265";"";""
231;"Waarp";"GNU GPLv3";"";"";"";"";"http://www.waarp.fr/";"https://code.waarp.fr/explore";"https://comptoir-du-libre.org/fr/softwares/231";"";"";"";""
261;"WAPT Community";"GNU GPLv3";"Q50829216";158;"";"wapt";"http://wapt.fr/";"https://github.com/tranquilit/WAPT";"https://comptoir-du-libre.org/fr/softwares/261";"https://www.wikidata.org/wiki/Q50829216";"https://code.gouv.fr/sill/fr/software?id=158";"";"https://framalibre.org/content/wapt"
761;"Watcha";"GNU aGPL v3";"";"";"";"";"https://www.watcha.fr";"https://github.com/watcha-fr";"https://comptoir-du-libre.org/fr/softwares/761";"";"";"";""
657;"Waterbear";"GNU GPL";"";"";"";"";"http://waterbear.info/";"http://waterbear.info/";"https://comptoir-du-libre.org/fr/softwares/657";"";"";"";""
818;"Wazo";"GNU GPLv3";"";"";"";"";"https://wazo-platform.org/";"https://github.com/wazo-platform";"https://comptoir-du-libre.org/fr/softwares/818";"";"";"";""
723;"Wazuh";"GNU GPLv2";"";"";"";"";"https://wazuh.com/";"https://github.com/wazuh";"https://comptoir-du-libre.org/fr/softwares/723";"";"";"";""
491;"WeasyPrint";"BSD";"";"";"";"";"https://weasyprint.org/";"https://github.com/Kozea/WeasyPrint";"https://comptoir-du-libre.org/fr/softwares/491";"";"";"";""
24;"webdelib";"CeCILL V2";"";"";"";"";"https://www.libriciel.fr/logiciels/webdelib/";"https://gitlab.adullact.net/Libriciel/web-delib/web-delib";"https://comptoir-du-libre.org/fr/softwares/24";"";"";"";""
106;"webDPO";"CeCILL V2";"";"";"";"";"https://datarchiv-coop.com/";"https://gitlab.adullact.net/Libriciel/web-dpo/";"https://comptoir-du-libre.org/fr/softwares/106";"";"";"";""
32;"webgfc";"CeCILL V2";"";"";"";"";"https://www.libriciel.fr/logiciels/webgfc/";"https://gitlab.adullact.net/Libriciel/web-gfc";"https://comptoir-du-libre.org/fr/softwares/32";"";"";"";""
16;"WebRSA";"CeCILL V2";"";"";"";"";"https://www.atolcd.com/solutions/application-webrsa";"https://github.com/atolcd/webrsa";"https://comptoir-du-libre.org/fr/softwares/16";"";"";"";""
260;"Wekan";"MIT";"Q50558592";161;"";"";"https://wekan.github.io/";"https://github.com/wekan/wekan";"https://comptoir-du-libre.org/fr/softwares/260";"https://www.wikidata.org/wiki/Q50558592";"https://code.gouv.fr/sill/fr/software?id=161";"";""
559;"WinSCP";"GNU GPLv3";"Q1160381";392;"";"";"https://winscp.net";"https://github.com/winscp/winscp";"https://comptoir-du-libre.org/fr/softwares/559";"https://www.wikidata.org/wiki/Q1160381";"https://code.gouv.fr/sill/fr/software?id=392";"";""
674;"WireGuard";"GNU GPLv3";"";"";"";"";"https://www.wireguard.com/";"https://www.wireguard.com/repositories/";"https://comptoir-du-libre.org/fr/softwares/674";"";"";"";""
644;"Wireshark";"GNU GPL";"";420;"";"";"https://www.wireshark.org/";"https://gitlab.com/wireshark/wireshark";"https://comptoir-du-libre.org/fr/softwares/644";"";"https://code.gouv.fr/sill/fr/software?id=420";"";""
791;"WiseMapping (et Framindmap)";"Apache License 2.0";"";"";"";"";"https://www.wisemapping.com/fr/faq/";"https://github.com/wisemapping/wisemapping-open-source";"https://comptoir-du-libre.org/fr/softwares/791";"";"";"";""
38;"WordPress";"GNU GPL";"Q13166";162;572;"wordpress";"https://fr.wordpress.com/";"https://github.com/WordPress/WordPress";"https://comptoir-du-libre.org/fr/softwares/38";"https://www.wikidata.org/wiki/Q13166";"https://code.gouv.fr/sill/fr/software?id=162";"https://annuaire.cnll.fr/solutions/572";"https://framalibre.org/content/wordpress"
849;"WSO2 API Manager";"Apache License 2.0";"";"";"";"";"https://wso2.com/api-manager/";"https://github.com/wso2/product-apim";"https://comptoir-du-libre.org/fr/softwares/849";"";"";"";""
851;"WSO2 Identity Server";"Apache License 2.0";"";"";"";"";"https://wso2.com/identity-server/";"https://github.com/wso2/product-is";"https://comptoir-du-libre.org/fr/softwares/851";"";"";"";""
850;"WSO2 Integrator";"Apache License 2.0";"";"";"";"";"https://wso2.com/integrator/";"https://wso2.com/integrator/";"https://comptoir-du-libre.org/fr/softwares/850";"";"";"";""
416;"XCP-ng";"GNU GPLv3";"Q110944501";235;"";"";"https://www.xcp-ng.org";"https://github.com/xcp-ng";"https://comptoir-du-libre.org/fr/softwares/416";"https://www.wikidata.org/wiki/Q110944501";"https://code.gouv.fr/sill/fr/software?id=235";"";""
12;"Xemelios";"GNU GPL";"";"";"";"";"http://xemelios.org/";"https://scm.adullact.net/anonscm/git/xemelios/xemelios.git";"https://comptoir-du-libre.org/fr/softwares/12";"";"";"";""
417;"Xen Orchestra";"GNU aGPL v3";"";"";"";"";"https://www.xen-orchestra.com";"https://github.com/vatesfr/xen-orchestra";"https://comptoir-du-libre.org/fr/softwares/417";"";"";"";""
22;"XiVO";"GNU GPLv3";"Q3570950";276;576;"xivo";"https://wisper.io/xivo";"https://gitlab.com/groups/xivo.solutions";"https://comptoir-du-libre.org/fr/softwares/22";"https://www.wikidata.org/wiki/Q3570950";"https://code.gouv.fr/sill/fr/software?id=276";"https://annuaire.cnll.fr/solutions/576";"https://framalibre.org/content/xivo"
120;"Xournal";"GNU GPLv2";"";"";"";"";"http://xournal.sourceforge.net/";"http://downloads.sourceforge.net/xournal/xournal-0.4.8.2016.tar.gz";"https://comptoir-du-libre.org/fr/softwares/120";"";"";"";""
658;"Xournal++";"GNU GPLv2";"";"";"";"";"https://xournalpp.github.io/";"https://github.com/xournalpp/xournalpp/";"https://comptoir-du-libre.org/fr/softwares/658";"";"";"";""
502;"XSane";"GNU GPLv2";"Q4053335";253;"";"";"http://www.sane-project.org";"https://gitlab.com/sane-project/frontend/xsane";"https://comptoir-du-libre.org/fr/softwares/502";"https://www.wikidata.org/wiki/Q4053335";"https://code.gouv.fr/sill/fr/software?id=253";"";""
11;"XWiki";"GNU LGPL";"Q526699";214;3;"xwiki";"https://www.xwiki.com";"https://github.com/xwiki/xwiki-platform.git";"https://comptoir-du-libre.org/fr/softwares/11";"https://www.wikidata.org/wiki/Q526699";"https://code.gouv.fr/sill/fr/software?id=214";"https://annuaire.cnll.fr/solutions/3";"https://framalibre.org/content/xwiki"
177;"Yarn";"BSD";"Q28975591";163;"";"";"https://yarnpkg.com/fr/";"https://github.com/yarnpkg";"https://comptoir-du-libre.org/fr/softwares/177";"https://www.wikidata.org/wiki/Q28975591";"https://code.gouv.fr/sill/fr/software?id=163";"";""
710;"YesWiki";"GNU aGPL v3";"";"";"";"";"https://yeswiki.net/";"https://github.com/YesWiki/yeswiki";"https://comptoir-du-libre.org/fr/softwares/710";"";"";"";""
361;"Yunohost";"GNU aGPL v3";"Q15971793";179;"";"yunohost";"https://yunohost.org";"https://github.com/YunoHost/yunohost";"https://comptoir-du-libre.org/fr/softwares/361";"https://www.wikidata.org/wiki/Q15971793";"https://code.gouv.fr/sill/fr/software?id=179";"";"https://framalibre.org/content/yunohost"
862;"Yupiik BundleBee";"Apache License 2.0";"";"";"";"";"https://yupiik.io/bundlebee/";"https://github.com/yupiik/bundlebee";"https://comptoir-du-libre.org/fr/softwares/862";"";"";"";""
863;"Yupiik Fusion";"Apache License 2.0";"";"";"";"";"https://yupiik.io/fusion/";"https://github.com/yupiik/fusion";"https://comptoir-du-libre.org/fr/softwares/863";"";"";"";""
108;"Zabbix";"GNU GPLv2";"Q136722";353;"";"";"https://www.zabbix.org/wiki/Main_Page";"https://github.com/monitoringartist/zabbix-community-repos";"https://comptoir-du-libre.org/fr/softwares/108";"https://www.wikidata.org/wiki/Q136722";"https://code.gouv.fr/sill/fr/software?id=353";"";""
355;"Zammad";"GNU aGPL v3";"Q71389626";172;"";"";"https://zammad.org/";"https://github.com/zammad/zammad";"https://comptoir-du-libre.org/fr/softwares/355";"https://www.wikidata.org/wiki/Q71389626";"https://code.gouv.fr/sill/fr/software?id=172";"";""
337;"zendto";"GNU GPLv2";"";"";"";"";"https://zend.to/index.php";"https://zend.to/downloads.php";"https://comptoir-du-libre.org/fr/softwares/337";"";"";"";""
590;"Zero Logement Vacant";"Apache License 2.0";"";"";"";"";"https://zerologementvacant.beta.gouv.fr/";"https://github.com/MTES-MCT/zero-logement-vacant";"https://comptoir-du-libre.org/fr/softwares/590";"";"";"";""
490;"Zeste de Savoir - à supprimer";"GNU GPLv3";"";"";"";"";"https://zestedesavoir.com/";"https://github.com/zestedesavoir/zds-site";"https://comptoir-du-libre.org/fr/softwares/490";"";"";"";""
643;"Zextras Carbonio";"LGPLv3";"";"";"";"";"https://zextras.com/fr/carbonio";"https://github.com/zextras/carbonio-mailbox";"https://comptoir-du-libre.org/fr/softwares/643";"";"";"";""
121;"Zim";"GNU GPLv2";"Q203374";330;"";"zim";"http://zim-wiki.org";"https://github.com/zim-desktop-wiki/zim-desktop-wiki";"https://comptoir-du-libre.org/fr/softwares/121";"https://www.wikidata.org/wiki/Q203374";"https://code.gouv.fr/sill/fr/software?id=330";"";"https://framalibre.org/content/zim"
110;"Zimbra";"Common Public Attribution License (CPAL)";"Q203485";202;521;"";"https://www.zimbra.com/open-source-email-overview/";"https://www.zimbra.com/downloads/";"https://comptoir-du-libre.org/fr/softwares/110";"https://www.wikidata.org/wiki/Q203485";"https://code.gouv.fr/sill/fr/software?id=202";"https://annuaire.cnll.fr/solutions/521";""
155;"zmNinja";"Creative Commons Attribution-ShareAlike 3.0 licence (CC BY-SA)";"";"";"";"";"http://pliablepixels.github.io/";"https://github.com/pliablepixels/zmNinja";"https://comptoir-du-libre.org/fr/softwares/155";"";"";"";""
152;"ZoneMinder";"GNU GPL";"";"";"";"";"https://www.zoneminder.com/";"https://github.com/ZoneMinder/ZoneMinder/";"https://comptoir-du-libre.org/fr/softwares/152";"";"";"";""
496;"Zotero";"GNU aGPL v3";"Q226915";243;"";"";"https://www.zotero.org";"https://github.com/zotero/zotero";"https://comptoir-du-libre.org/fr/softwares/496";"https://www.wikidata.org/wiki/Q226915";"https://code.gouv.fr/sill/fr/software?id=243";"";""
