produit;categorie
Ciel;Logiciels / Licences
Fellowes Desktop Hanging File Manager;Office Supplies
Avery Binder Covers, Clear;Office Supplies
NETGEAR N750 Dual Band Wi-Fi Gigabit Router;IT / Technology
Global Comet Stacking Arm Chair;Furniture
Bush Stackable Bookrack, Mobile;Furniture
GlobeWeis Business Envelopes, with clear poly window;Office Supplies
Hewlett Ink, Laser;IT / Technology
Elite Box Cutter, Serrated;Office Supplies
Hon 2111 Invitation Series Corner Table;Furniture
Indemnités de repas personnel itinérant;Frais de personnel
Eldon Advantage Chair Mats for Low to Medium Pile Carpets;Furniture
OSullivan 2-Shelf Heavy-Duty Bookcases;Furniture
OIC Colored Binder Clips, Assorted Sizes;Office Supplies
Cisco TelePresence System EX90 Videoconferencing Unit;IT / Technology
Novimex Executive Leather Armchair, Red;Furniture
Barricks Computer Table, Fully Assembled;Furniture
Prestation comptable;Honoraires et prestations
Sauder Classic Bookcase, Metal;Furniture
Honoraires comptables préparation liasses fiscales;Honoraires et prestations
Imation USB 2.0 Swivel Flash Drive USB flash drive - 4 GB - Pink;IT / Technology
Electrix Architects Clamp-On Swing Arm Lamp, Black;Furniture
Samsung Rugby III;IT / Technology
Acco PRESSTEX Data Binder with Storage Hooks, Dark Blue, 9 1/2 X 11;Office Supplies
Logitech Z-906 Speaker sys - home theater - 5.1-CH;IT / Technology
"Acco Banker's Clasps, 5 3/4""-Long";Office Supplies
Magnifier Swing Arm Lamp;Furniture
Hewlett Packard 610 Color Digital Copier / Printer;IT / Technology
Enermax Keyboard, Programmable;IT / Technology
Boston 1799 Powerhouse Electric Pencil Sharpener;Office Supplies
Global Managers Adjustable Task Chair, Storm;Furniture
Cubify CubeX 3D Printer Triple Head Print;IT / Technology
Eldon Expressions Wood and Plastic Desk Accessories, Cherry Wood;Furniture
G.E. Longer-Life Indoor Recessed Floodlight Bulbs;Furniture
Frais de montage dossier;Charges bancaires
Ativa V4110MDD Micro-Cut Shredder;IT / Technology
Euro Pro Shark Stick Mini Vacuum;Office Supplies
Assistance technique;Honoraires et prestations
Chromcraft Wood Table, with Bottom Storage;Furniture
Frais de dossier prêt;Charges bancaires
Office Star Swivel Stool, Red;Furniture
Avery 503;Office Supplies
Ikea Library with Doors, Traditional;Furniture
"Career Cubicle Clock, 8 1/4"", Black";Furniture
Eldon Light Bulb, Duo Pack;Furniture
Eldon Expressions Desk Accessory, Wood Photo Frame, Mahogany;Furniture
Okidata Printer, Red;IT / Technology
Deflect-O Stacking Tray, Black;Furniture
Fellowes Smart Surge Ten-Outlet Protector, Platinum;Office Supplies
Laminate Occasional Tables;Furniture
prévoyance personnel;Frais de personnel
SanDisk Cruzer 16 GB USB Flash Drive;IT / Technology
Padded Folding Chairs, Black, 4/Carton;Furniture
Avery Self-Adhesive Photo Pockets for Polaroid Photos;Office Supplies
Sauder 3-Shelf Cabinet, Mobile;Furniture
Howard Miller 13 Diameter Pewter Finish Round Wall Clock;Furniture
Frais de rejet de prélèvement;Charges bancaires
KeyTronic KT800P2 - Keyboard - Black;IT / Technology
Lexmark 20R1285 X6650 Wireless All-in-One Printer;IT / Technology
Samsung Replacement EH64AVFWE Premium Headset;IT / Technology
Hon Computer Table, with Bottom Storage;Furniture
Relevé CODA;Charges bancaires
Eldon 400 Class Desk Accessories, Black Carbon;Furniture
Nokia Lumia 521 (T-Mobile);IT / Technology
Lenovo 17-Key USB Numeric Keypad;IT / Technology
Canon Ink, Digital;IT / Technology
Stiletto Hand Letter Openers;Office Supplies
Tennsco Commercial Shelving;Office Supplies
So You've Been Publicly Shamed;Livre / Book
Okidata C331dn Printer;IT / Technology
Rogers Trays, Blue;Office Supplies
Lesro Conference Table, Fully Assembled;Furniture
Laminate Occasional Tables;Furniture
Garfield Women Pink & Red Bra;Vêtements / Clothing
Tenex Frame, Erganomic;Furniture
Prestations diverses entretien des espaces verts;Honoraires et prestations
Motorola Speaker Phone, Full Size;IT / Technology
Apple Headset, with Caller ID;IT / Technology
Mediabridge Sport Armband iPhone 5s;IT / Technology
Stiletto Letter Opener, Steel;Office Supplies
Deflect-O Clock, Erganomic;Furniture
Canon Ink, High-Speed;IT / Technology
Seth Thomas 14 Day/Date Wall Clock;Furniture
"Ampad Poly Cover Wirebound Steno Book, 6"" x 9"" Assorted Colors, Gregg Ruled";Office Supplies
Canon Ink, Color;IT / Technology
Nokia Lumia 925;IT / Technology
Frais sur remise de chèques;Charges bancaires
Bretford CR4500 Series Slim Rectangular Table;Furniture
"Seth Thomas 16"" Steel Case Clock";Furniture
Bevis Coffee Table, with Bottom Storage;Furniture
Eldon Imàge Series Desk Accessories, Clear;Furniture
Jiffy Peel and Seal, Set of 50;Office Supplies
Microsoft Sculpt Comfort Mouse;IT / Technology
Enermax Numeric Keypad, USB;IT / Technology
Cisco Smart Phone, with Caller ID;IT / Technology
Hamilton Beach Stove, Silver;Office Supplies
Fellowes Staxonsteel Drawer Files;Office Supplies
Global Airflow Leather Mesh Back Chair, Black;Furniture
Tensor Brushed Steel Torchiere Floor Lamp;Furniture
Acco Hole Reinforcements, Clear;Office Supplies
HP Personal Copier, Digital;IT / Technology
O'Sullivan Elevations Bookcase, Cherry Finish;Furniture
Satellite Sectional Post Binders;Office Supplies
Sauder Facets Collection Library, Sky Alder Finish;Furniture
Ibico Hi-Tech Manual Binding System;Office Supplies
Maxell 4.7GB DVD-R 5/Pack;IT / Technology
Accos Staples, Assorted Sizes;Office Supplies
Hon 2111 Invitation Series Straight Table;Furniture
consulting externalisé;Honoraires et prestations
Fiskars Shears, High Speed;Office Supplies
BIC Pencil Sharpener, Blue;Office Supplies
Hon 2111 Invitation Series Corner Table;Furniture
Panasonic Inkjet, White;IT / Technology
Tenex Chairmats For Use with Hard Floors;Furniture
Logitech G19 Programmable Gaming Keyboard;IT / Technology
Apple Office Telephone, Cordless;IT / Technology
Imation Secure Drive + Hardware Encrypted USB flash drive - 16 GB;IT / Technology
Office Star - Contemporary Task Swivel Chair;Furniture
Cardinal EasyOpen D-Ring Binders;Office Supplies
Acme Rosewood Handle Letter Opener;Office Supplies
Colorific Watercolor Pencils;Office Supplies
SanDisk Flash Drive, Programmable;IT / Technology
KitchenAid Coffee Grinder, Silver;Office Supplies
OSullivan 4-Shelf Bookcase in Odessa Pine;Furniture
Message Book, Wirebound, Four 5 1/2 X 4 Forms/Pg., 200 Dupl. Sets/Book;Office Supplies
SanDisk Memory Card, Erganomic;IT / Technology
Snap-A-Way Black Print Carbonless Ruled Speed Letter, Triplicate;Office Supplies
Texas Instruments TI-34 Scientific Calculator;IT / Technology
Xblue XB-1670-86 X16 Small Office Telephone - Titanium;IT / Technology
Plantronics S12 Corded Telephone Headset System;IT / Technology
Global Stack Chair with Arms, Black;Furniture
BPI Conference Tables;Furniture
The Selfish Gene;Livre / Book
Xerox 1951;Office Supplies
Jackery Bar Premium Fast-charging Portable Charger;IT / Technology
Binney & Smith inkTank Desk Highlighter, Chisel Tip, Yellow, 12/Box;Office Supplies
HP Ink, Laser;IT / Technology
Eldon Shelving, Industrial;Office Supplies
indemnité de transport domicile travail;Frais de personnel
Something More Than This;Livre / Book
Newell 310;Office Supplies
Holmes 99% HEPA Air Purifier;Office Supplies
Ricoh - Ink Collector Unit for GX3000 Series Printers;IT / Technology
Acme Rosewood Handle Letter Opener;Office Supplies
Wilson SignalBoost 841262 DB PRO Amplifier Kit;IT / Technology
Audit comptable;Honoraires et prestations
Apple Smart Phone, Full Size;IT / Technology
Plantronics Cordless Phone Headset with In-line Volume - M214C;IT / Technology
Memorex Froggy Flash Drive 8 GB;IT / Technology
Cardinal Index Tab, Durable;Office Supplies
DAX Wood Document Frame;Furniture
Cubify CubeX 3D Printer Triple Head Print;IT / Technology
HP Office Recycled Paper (20Lb. and 87 Bright);Office Supplies
Mineral Cream Dress;Vêtements / Clothing
Bevis Traditional Conference Table Top, Plinth Base;Furniture
Global Super Steno Chair;Furniture
Sony Micro Vault Click 4 GB USB 2.0 Flash Drive;IT / Technology
Weyerhaeuser First Choice Laser/Copy Paper (20Lb. and 88 Bright);Office Supplies
Important Message Pads, 50 4-1/4 x 5-1/2 Forms per Pad;Office Supplies
Xerox 1932;Office Supplies
Ikea Corner Shelving, Pine;Furniture
Samsung Headset, with Caller ID;IT / Technology
Square Credit Card Reader;IT / Technology
KitchenAid Toaster, White;Office Supplies
Dania Library with Doors, Metal;Furniture
GE 30524EE4;IT / Technology
Xerox 1929;Office Supplies
Xerox 203;Office Supplies
Logitech Numeric Keypad, Programmable;IT / Technology
Sauder Classic Bookcase, Traditional;Furniture
Fellowes 8 Outlet Superior Workstation Surge Protector w/o Phone/Fax/Modem Protection;Office Supplies
Global Deluxe High-Back Office Chair in Storm;Furniture
Newell 348;Office Supplies
Black Avery Memo-Size 3-Ring Binder, 5 1/2 x 8 1/2;Office Supplies
Hoover Toaster, Silver;Office Supplies
While You Were Out Pads, 50 per Pad, 4 x 5 1/4, Green Cycle;Office Supplies
Acco Binding Machine, Clear;Office Supplies
Hewlett Packard LaserJet 3310 Copier;IT / Technology
Rogers Shelving, Industrial;Office Supplies
Acco Side-Punched Conventional Columnar Pads;Office Supplies
BIC Canvas, Water Color;Office Supplies
Avery 496;Office Supplies
Wirebound Message Books, 5-1/2 x 4 Forms, 2 or 4 Forms per Page;Office Supplies
Honeywell Enviracaire Portable HEPA Air Cleaner for 16' x 20' Room;Office Supplies
DAX Charcoal/Nickel-Tone Document Frame, 5 x 7;Furniture
Berol Giant Pencil Sharpener;Office Supplies
Hewlett Ink, Digital;IT / Technology
Novimex Executive Leather Armchair, Adjustable;Furniture
"Tenex Chairmat w/ Average Lip, 45"" x 53""";Furniture
Konica Printer, Wireless;IT / Technology
Cuisinart Blender, Black;Office Supplies
Commission sur ventes marketplace;Charges bancaires
Wilson Jones data.warehouse D-Ring Binders with DublLock;Office Supplies
Ibico Hole Reinforcements, Recycled;Office Supplies
SAFCO Executive Leather Armchair, Red;Furniture
Global Fabric Managers Chair, Dark Gray;Furniture
Hewlett Personal Copier, Color;IT / Technology
The Guernsey Literary and Potato Peel Pie Society;Livre / Book
Clavier sans fil Logitech;IT / Technology
Okidata Printer, Wireless;IT / Technology
Eldon Clock, Black;Furniture
Aastra 57i VoIP phone;IT / Technology
Bush Westfield Collection Bookcases, Dark Cherry Finish, Fully Assembled;Furniture
Jensen SMPS-640 - speaker phone;IT / Technology
Logitech Wireless Performance Mouse MX for PC and Mac;IT / Technology
Jiffy Clasp Envelope, with clear poly window;Office Supplies
Newell 340;Office Supplies
Xerox 1914;Office Supplies
Enermax Numeric Keypad, Bluetooth;IT / Technology
Advantus Plastic Paper Clips;Office Supplies
Harbour Creations Steel Folding Chair, Black;Furniture
Hoover Microwave, Black;Office Supplies
Memorex Micro Travel Drive 16 GB;IT / Technology
Shree Women Red Printed Patiala;Vêtements / Clothing
honoraires architecte projet;Honoraires et prestations
O'Sullivan Living Dimensions 3-Shelf Bookcases;Furniture
Microsoft Wireless Mobile Mouse 4000;IT / Technology
Brother Fax Machine, Digital;IT / Technology
Acme Kleencut Forged Steel Scissors;Office Supplies
Brother Ink, Laser;IT / Technology
Xerox 1965;Office Supplies
Plastic Binding Combs;Office Supplies
Polycom SoundPoint IP 450 VoIP phone;IT / Technology
"Eureka Recycled Copy Paper 8 1/2"" x 11"", Ream";Office Supplies
Rubbermaid Light Bulb, Erganomic;Furniture
Rubbermaid Photo Frame, Black;Furniture
Bush Mission Pointe Library;Furniture
Conseil juridique;Honoraires et prestations
Commissariat aux comptes;Honoraires et prestations
Prestations diverses petits travaux de maintenance;Honoraires et prestations
Enermax Flash Drive, Erganomic;IT / Technology
Hoover Refrigerator, Red;Office Supplies
Frais de clôture;Charges bancaires
Honoraires d'expertise comptable;Honoraires et prestations
Sanford Uni-Blazer View Highlighters, Chisel Tip, Yellow;Office Supplies
GBC Linen Binding Covers;Office Supplies
Frais de dossier financement;Charges bancaires
Nu-Dell Oak Frame;Furniture
Wilson Jones “Snap” Scratch Pad Binder Tool for Ring Binders;Office Supplies
Lexmark X 9575 Professional All-in-One Color Printer;IT / Technology
Okidata MB760 Printer;IT / Technology
ARKON Windshield Dashboard Air Vent Car Mount Holder;IT / Technology
Memorex Router, USB;IT / Technology
maintenance applicative prestation;Honoraires et prestations
Nokia Headset, Full Size;IT / Technology
"Tenex Traditional Chairmats for Medium Pile Carpet, Standard Lip, 36"" x 48""";Furniture
Grandstream GXP1160 VoIP phone;IT / Technology
Situations Contoured Folding Chairs, 4/Set;Furniture
prestation informatique externalisée;Honoraires et prestations
Riverleaf Stik-Withit Designer Note Cubes;Office Supplies
Avery 500;Office Supplies
Grandstream GXP2100 Mainstream Business Phone;IT / Technology
Panasonic Card Printer, White;IT / Technology
Logitech 910-002974 M325 Wireless Mouse for Web Scrolling;IT / Technology
Avery 4027 File Folder Labels for Dot Matrix Printers, 5000 Labels per Box, White;Office Supplies
Dana Halogen Swing-Arm Architect Lamp;Furniture
Puma Men Alonso Track Red Ferrari Jacket;Vêtements / Clothing
Petty Cash Envelope;Office Supplies
Inter-Office Recycled Envelopes, Brown Kraft, Button-String,10 x 13 , 100/Box;Office Supplies
Global Commerce Series Low-Back Swivel/Tilt Chairs;Furniture
coaching professionnel dirigeant;Honoraires et prestations
Jiffy Mailers, with clear poly window;Office Supplies
Advantus Door Stop, Erganomic;Furniture
Nu-Dell EZ-Mount Plastic Wall Frames;Furniture
Commission sur opérations de change;Charges bancaires
OIC Rubber Bands, Assorted Sizes;Office Supplies
Safco Industrial Wire Shelving;Office Supplies
Kingston Digital DataTraveler 16GB USB 2.0;IT / Technology
Abonnement WinAuditor;Logiciels / Licences
36X48 HARDFLOOR CHAIRMAT;Furniture
Acco Translucent Poly Ring Binders;Office Supplies
Polycom SoundStation2 EX Conference phone;IT / Technology
Barricks Round Table, Adjustable Height;Furniture
Stanley Canvas, Blue;Office Supplies
Epson WorkForce WF-2530 All-in-One Printer, Copier Scanner;IT / Technology
Lesro Sheffield Collection Coffee Table, End Table, Center Table, Corner Table;Furniture
Commission de mouvement;Charges bancaires
Fabindia White Hand Printed Sari;Vêtements / Clothing
Breville Toaster, Red;Office Supplies
Logitech Illuminated - Keyboard;IT / Technology
Sauder Cornerstone Collection Library;Furniture
Imation Clip USB flash drive - 8 GB;IT / Technology
Boston Highlighters, Blue;Office Supplies
Nokia Headset, VoIP;IT / Technology
KI Adjustable-Height Table;Furniture
Breville Blender, Black;Office Supplies
Avery 479;Office Supplies
Belkin 325VA UPS Surge Protector, 6;Office Supplies
SanDisk Cruzer 16 GB USB Flash Drive;IT / Technology
Bevis Wood Table, Fully Assembled;Furniture
Fellowes Shelving, Single Width;Office Supplies
REDIFORM Incoming/Outgoing Call Register, 11 X 8 1/2, 100 Messages;Office Supplies
Mitel 5320 IP Phone VoIP phone;IT / Technology
Rogers Lockers, Blue;Office Supplies
Avery Recycled Flexi-View Covers for Binding Systems;Office Supplies
Bevis Traditional Conference Table Top, Plinth Base;Furniture
Logitech G35 7.1-Channel Surround Sound Headset;IT / Technology
Codification CODA;Charges bancaires
Belkin 8 Outlet SurgeMaster II Gold Surge Protector with Phone Protection;Office Supplies
Epson Calculator, Wireless;IT / Technology
GlobeWeis Manila Envelope, Set of 50;Office Supplies
Nortel Networks T7316 E Nt8 B27;IT / Technology
Enermax Note Cards, Premium;Office Supplies
Hon Removable Labels, 5000 Label Set;Office Supplies
Avery 506;Office Supplies
Chromcraft Rectangular Conference Tables;Furniture
Done Rubbed Out (Reightman & Bailey #1);Livre / Book
Compact Automatic Electric Letter Opener;Office Supplies
Tensor Track Tree Floor Lamp;Furniture
Eldon Stacking Tray, Erganomic;Furniture
Barricks Conference Table, Rectangular;Furniture
Nortel Business Series Terminal T7208 Digital phone;IT / Technology
Belkin Flash Drive, Programmable;IT / Technology
Avery File Folder Labels;Office Supplies
Loose Memo Sheets;Office Supplies
Luxo Adjustable Task Clamp Lamp;Furniture
"HP Designjet T520 Inkjet Large Format Printer - 24"" Color";IT / Technology
Eldon Expressions Wood and Plastic Desk Accessories, Cherry Wood;Furniture
Wilson SignalBoost 841262 DB PRO Amplifier Kit;IT / Technology
Xerox 217;Office Supplies
Ikea Library with Doors, Pine;Furniture
Hon Non-Folding Utility Tables;Furniture
Xerox 223;Office Supplies
Biba Women Black Churidar Kurta with Dupatta;Vêtements / Clothing
Enermax Keyboard, USB;IT / Technology
"Howard Miller 14-1/2"" Diameter Chrome Round Wall Clock";Furniture
Okidata Inkjet, Durable;IT / Technology
Spigen Samsung Galaxy S5 Case Wallet;IT / Technology
gratification personnel;Frais de personnel
Xerox 197;Office Supplies
Consulting;Honoraires et prestations
Howard Miller 12 Round Wall Clock;Furniture
Jawbone MINI JAMBOX Wireless Bluetooth Speaker;IT / Technology
Lesro Training Table, Rectangular;Furniture
Commission de placement;Charges bancaires
Brother Fax and Copier, High-Speed;IT / Technology
KitchenAid Coffee Grinder, Red;Office Supplies
Renouvellement licence antivirus postes de travail;Logiciels / Licences
Global Deluxe High-Back Office Chair in Storm;Furniture
French Connection Women Black Legging;Vêtements / Clothing
Boston Heavy-Duty Trimline Electric Pencil Sharpeners;Office Supplies
The Girl In The Ice (DCI Erika Foster #1);Livre / Book
Bevis 44 x 96 Conference Tables;Furniture
Ibico Standard Transparent Covers;Office Supplies
Hon Conference Table, Fully Assembled;Furniture
Xerox 1991;Office Supplies
Peel & Seel Recycled Catalog Envelopes, Brown;Office Supplies
fiche de paie employé;Frais de personnel
Adams Phone Message Book, 200 Message Capacity, 8 1/16 x 11;Office Supplies
Wirebound Four 2-3/4 x 5 Forms per Page, 400 Sets per Book;Office Supplies
Séminaire;Honoraires et prestations
Tenex Folders, Single Width;Office Supplies
Alliance Super-Size Bands, Assorted Sizes;Office Supplies
Binney & Smith Pens, Fluorescent;Office Supplies
Xerox 208;Office Supplies
GE General Use Halogen Bulbs, 100 Watts, 1 Bulb per Pack;Furniture
Global Value Mid-Back Managers Chair, Gray;Furniture
Harmony Air Purifier;Office Supplies
Imation Secure Drive + Hardware Encrypted USB flash drive - 16 GB;IT / Technology
Dania Library with Doors, Mobile;Furniture
DXL Angle-View Binders with Locking Rings by Samsill;Office Supplies
Eaton Message Books, Premium;Office Supplies
Regeneration Desk Collection;Furniture
GBC Wire Binding Strips;Office Supplies
Newell 327;Office Supplies
Smead Legal Exhibit Labels, 5000 Label Set;Office Supplies
Anker Ultrathin Bluetooth Wireless Keyboard Aluminum Cover with Stand;IT / Technology
Motorla HX550 Universal Bluetooth Headset;IT / Technology
RCA ViSYS 25825 Wireless digital phone;IT / Technology
Howard Miller 11-1/2 Diameter Grantwood Wall Clock;Furniture
Kensington SlimBlade Notebook Wireless Mouse with Nano Receiver;IT / Technology
Avery 506;Office Supplies
TOPS Carbonless Receipt Book, Four 2-3/4 x 7-1/4 Money Receipts per Page;Office Supplies
Eldon Frame, Erganomic;Furniture
Advantus Photo Frame, Durable;Furniture
Safco 3-Shelf Cabinet, Pine;Furniture
SAFCO Bag Chairs, Black;Furniture
honoraires agence communication;Honoraires et prestations
Hoover Replacement Belts For Soft Guard & Commercial Ltweight Upright Vacs, 2/Pk;Office Supplies
Licence 7-zip;Logiciels / Licences
Panasonic KX MC6040 Color Laser Multifunction Printer;IT / Technology
Eldon Regeneration Recycled Desk Accessories, Smoke;Furniture
Bush Classic Bookcase, Metal;Furniture
Ikea Corner Shelving, Traditional;Furniture
Xerox 227;Office Supplies
SpineVue Locking Slant-D Ring Binders by Cardinal;Office Supplies
Advantus Stacking Tray, Erganomic;Furniture
Sauder Floating Shelf Set, Metal;Furniture
Logitech Memory Card, Erganomic;IT / Technology
Anker Astro 15000mAh USB Portable Charger;IT / Technology
Ooma Telo VoIP Home Phone System;IT / Technology
Digium D40 VoIP phone;IT / Technology
Motorola Office Telephone, VoIP;IT / Technology
Acme Box Cutter Scissors;Office Supplies
Tenex Folders, Blue;Office Supplies
Boston 16765 Mini Stand Up Battery Pencil Sharpener;Office Supplies
Agios;Charges bancaires
Xerox 1887;Office Supplies
Ikea Classic Bookcase, Pine;Furniture
Formation;Honoraires et prestations
Motorola Droid Maxx;IT / Technology
Belkin Standard 104 key USB Keyboard;IT / Technology
Konica Receipt Printer, Red;IT / Technology
Enermax Aurora Lite Keyboard;IT / Technology
SAFCO PlanMaster Heigh-Adjustable Drafting Table Base, 43w x 30d x 30-37h, Black;Furniture
Hon Multipurpose Stacking Arm Chairs;Furniture
Avery Trapezoid Extra Heavy Duty 4 Binders;Office Supplies
Wilson Jones 3-Hole Punch, Economy;Office Supplies
"Eberhard Faber 3 1/2"" Golf Pencils";Office Supplies
Verbatim 25 GB 6x Blu-ray Single Layer Recordable Disc, 10/Pack;IT / Technology
Jiffy Interoffice Envelope, Security-Tint;Office Supplies
Maxell 4.7GB DVD+RW 3/Pack;IT / Technology
Rubbermaid Frame, Black;Furniture
Licence annuelle logiciel de comptabilité;Logiciels / Licences
Fellowes Shelving, Industrial;Office Supplies
Samsung Audio Dock, with Caller ID;IT / Technology
Nokia Headset, Cordless;IT / Technology
OSullivan Cherrywood Estates Traditional Barrister Bookcase;Furniture
Okidata Phone, White;IT / Technology
Howard Miller 13-3/4 Diameter Brushed Chrome Round Wall Clock;Furniture
Safco 3-Shelf Cabinet, Traditional;Furniture
Brother Fax Machine, Laser;IT / Technology
Newell 347;Office Supplies
Rubbermaid Door Stop, Black;Furniture
Global Commerce Series High-Back Swivel/Tilt Chairs;Furniture
Tenex Chairmat w/ Average Lip, 45 x 53;Furniture
Atlantic Metals Mobile 2-Shelf Bookcases, Custom Colors;Furniture
audit comptable légal;Honoraires et prestations
Maxell 4.7GB DVD-RW 3/Pack;IT / Technology
Holmes Replacement Filter for HEPA Air Cleaner, Medium Room;Office Supplies
Brother Personal Copier, Color;IT / Technology
Brother Fax and Copier, Digital;IT / Technology
O'Sullivan 5-Shelf Heavy-Duty Bookcases;Furniture
Dax Clear Box Frame;Furniture
Acme Letter Opener, Steel;Office Supplies
Cisco SPA525G2 IP Phone - Wireless;IT / Technology
Prang Drawing Pencil Set;Office Supplies
Barricks Conference Table, Adjustable Height;Furniture
Adtran 1202752G1;IT / Technology
Panasonic Receipt Printer, Durable;IT / Technology
Fellowes Powershred HS-440 4-Sheet High Security Shredder;IT / Technology
Logitech Wireless Headset h800;IT / Technology
Xerox 222;Office Supplies
Hewlett Wireless Fax, Digital;IT / Technology
Wilson Jones Standard D-Ring Binders;Office Supplies
Wilson Jones Easy Flow II Sheet Lifters;Office Supplies
Avery Round Ring Poly Binders;Office Supplies
Konica Receipt Printer, Wireless;IT / Technology
Master Giant Foot Doorstop, Safety Yellow;Furniture
Acrylic Self-Standing Desk Frames;Furniture
Fichiers CODA;Charges bancaires
Zebra GX420t Direct Thermal/Thermal Transfer Printer;IT / Technology
Logitech G19 Programmable Gaming Keyboard;IT / Technology
Boston Electric Pencil Sharpener, Model 1818, Charcoal Black;Office Supplies
Newell 315;Office Supplies
Conseil;Honoraires et prestations
Frais de sortie;Charges bancaires
Nu-Dell Oak Frame;Furniture
Epson Receipt Printer, Red;IT / Technology
Brown Kraft Recycled Envelopes;Office Supplies
Deflect-O Stacking Tray, Erganomic;Furniture
Novimex Bag Chairs, Adjustable;Furniture
KLD Oscar II Style Snap-on Ultra Thin Side Flip Synthetic Leather Cover Case for HTC One HTC M7;IT / Technology
Motorola Headset, VoIP;IT / Technology
Jensen SMPS-640 - speaker phone;IT / Technology
Fellowes PB300 Plastic Comb Binding Machine;Office Supplies
Harbour Creations Swivel Stool, Black;Furniture
Eldon Antistatic Chair Mats for Low to Medium Pile Carpets;Furniture
Imation 8GB Mini TravelDrive USB 2.0 Flash Drive;IT / Technology
Penpower WorldCard Pro Card Scanner;IT / Technology
Ricoh - Ink Collector Unit for GX3000 Series Printers;IT / Technology
Konica Receipt Printer, White;IT / Technology
Assorted Color Push Pins;Office Supplies
Economy Rollaway Files;Office Supplies
Newell 324;Office Supplies
Harbour Creations Rocking Chair, Set of Two;Furniture
Global Executive Mid-Back Manager's Chair;Furniture
Hon Swivel Stool, Black;Furniture
Eldon Photo Frame, Durable;Furniture
"Executive Impressions 13"" Clairmont Wall Clock";Furniture
Belkin Keyboard, Bluetooth;IT / Technology
Wilson Jones Four-Pocket Poly Binders;Office Supplies
Polycom SoundPoint Pro SE-225 Corded phone;IT / Technology
Fellowes Command Center 5-outlet power strip;Office Supplies
SanDisk Computer Printout Paper, Premium;Office Supplies
"Belkin 19"" Vented Equipment Shelf, Black";Office Supplies
City of Fallen Angels (The Mortal Instruments #4);Livre / Book
Fellowes Shelving, Blue;Office Supplies
Frais de mise en place fichiers bancaires;Charges bancaires
Stockwell Paper Clips, Bulk Pack;Office Supplies
Bush Saratoga Collection 5-Shelf Bookcase, Hanover Cherry, *Special Order;Furniture
Hewlett Packard 610 Color Digital Copier / Printer;IT / Technology
prime exceptionnelle personnel;Frais de personnel
Kraft Clasp Envelope, Recycled;Office Supplies
"Imation Secure+ Hardware Encrypted USB 2.0 Flash Drive; 16GB";IT / Technology
Brother Personal Copier, Laser;IT / Technology
Advantus Stacking Tray, Durable;Furniture
Harbour Creations Steel Folding Chair, Set of Two;Furniture
Honoraires comptables clôture annuelle;Honoraires et prestations
Enermax Memory Card, Erganomic;IT / Technology
Lifetime Advantage Folding Chairs, 4/Carton;Furniture
Chromcraft Round Table, Adjustable Height;Furniture
Honeywell Enviracaire Portable HEPA Air Cleaner for up to 10 x 16 Room;Office Supplies
Novimex Steel Folding Chair, Set of Two;Furniture
Fellowes Stor/Drawer Steel Plus Storage Drawers;Office Supplies
Accos Paper Clips, Bulk Pack;Office Supplies
Samsung Galaxy S4 Mini;IT / Technology
Hamilton Beach Coffee Grinder, Silver;Office Supplies
Office Star Rocking Chair, Red;Furniture
Eureka The Boss Cordless Rechargeable Stick Vac;Office Supplies
Sharp Wireless Fax, Color;IT / Technology
Chromcraft Bull-Nose Wood Round Conference Table Top, Wood Base;Furniture
Eldon 100 Class Desk Accessories;Furniture
Atlantic Metals Mobile 4-Shelf Bookcases, Custom Colors;Furniture
Canon Image Class D660 Copier;IT / Technology
Eldon Regeneration Recycled Desk Accessories, Smoke;Furniture
Hypercom P1300 Pinpad;IT / Technology
Dell Slim USB Multimedia Keyboard;IT / Technology
Luxo Professional Combination Clamp-On Lamps;Furniture
Imation Bio 2GB USB Flash Drive Imation Corp;IT / Technology
GlobeWeis Mailers, Set of 50;Office Supplies
QVS USB Car Charger 2-Port 2.1Amp for iPod/iPhone/iPad/iPad 2/iPad 3;IT / Technology
Canon Personal Copier, Digital;IT / Technology
Acme Scissors, Easy Grip;Office Supplies
Patience;Livre / Book
Eldon L Workstation Diamond Chairmat;Furniture
Avery 492;Office Supplies
Epson Phone, Red;IT / Technology
KI Conference Tables;Furniture
Master Caster Door Stop, Large Brown;Furniture
Tuf-Vin Binders;Office Supplies
Harbour Creations Shipping Labels, Laser Printer Compatible;Office Supplies
Sage;Logiciels / Licences
Luxo Professional Combination Clamp-On Lamps;Furniture
Fellowes Box, Single Width;Office Supplies
Eldon Executive Woodline II Desk Accessories, Mahogany;Furniture
Motorola Headset, Cordless;IT / Technology
Bush Floating Shelf Set, Mobile;Furniture
Harbour Creations Chairmat, Set of Two;Furniture
Sharp AL-1530CS Digital Copier;IT / Technology
Hon Bag Chairs, Black;Furniture
Xerox 19;Office Supplies
Okidata C610n Printer;IT / Technology
Neat Ideas Personal Hanging Folder Files, Black;Office Supplies
Cisco Signal Booster, Full Size;IT / Technology
Macally Suction Cup Mount;IT / Technology
Hon Chairmat, Red;Furniture
Xerox 1980;Office Supplies
Panasonic KX MC6040 Color Laser Multifunction Printer;IT / Technology
Executive Impressions Supervisor Wall Clock;Furniture
Bush Westfield Collection Bookcases, Fully Assembled;Furniture
prime de fin d'année;Frais de personnel
"Pressboard Covers with Storage Hooks, 9 1/2"" x 11"", Light Blue";Office Supplies
JBL Micro Wireless Portable Bluetooth Speaker;IT / Technology
Bevis Conference Table, Fully Assembled;Furniture
GE General Purpose, Extra Long Life, Showcase & Floodlight Incandescent Bulbs;Furniture
Nu-Dell Leatherette Frames;Furniture
Stockwell Thumb Tacks, Metal;Office Supplies
Office Star Bag Chairs, Black;Furniture
Faber Castell Col-Erase Pencils;Office Supplies
assistance comptable trimestrielle;Honoraires et prestations
Stiletto Scissors, Steel;Office Supplies
BIC Pens, Easy-Erase;Office Supplies
Konica Calculator, Wireless;IT / Technology
Stiletto Trimmer, Serrated;Office Supplies
Razer Kraken 7.1 Surround Sound Over Ear USB Gaming Headset;IT / Technology
Hewlett-Packard Deskjet 5550 Printer;IT / Technology
Eldon Image Series Desk Accessories, Ebony;Furniture
Fiscalité;Honoraires et prestations
Hewlett-Packard Deskjet 6540 Color Inkjet Printer;IT / Technology
Commission bancaire;Charges bancaires
I Needs 3d Hello Kitty Hybrid Silicone Case Cover for HTC One X 4g with 3d Hello Kitty Stylus Pen Green/pink;IT / Technology
Tenex Chairmats For Use With Carpeted Floors;Furniture
Multimedia Mailers;Office Supplies
Rogers Folders, Single Width;Office Supplies
Col-Erase Pencils with Erasers;Office Supplies
Hon Legal Exhibit Labels, 5000 Label Set;Office Supplies
Multicolor Computer Printout Paper;Office Supplies
Smead Box, Industrial;Office Supplies
Office Star - Ergonomically Designed Knee Chair;Furniture
Enermax Parchment Paper, 8.5 x 11;Office Supplies
Frais de recrutement et intégration nouveaux salariés;Frais de personnel
Quartet Alpha White Chalk, 12/Pack;Office Supplies
GBC VeloBinder Strips;Office Supplies
Canon PC1080F Personal Copier;IT / Technology
Newell 340;Office Supplies
Lesro Computer Table, with Bottom Storage;Furniture
"#10- 4 1/8"" x 9 1/2"" Security-Tint Envelopes";Office Supplies
Microsoft Natural Ergonomic Keyboard 4000;IT / Technology
Eldon Mobile Mega Data Cart  Mega Stackable  Add-On Trays;Office Supplies
Wilson Jones Ledger-Size, Piano-Hinge Binder, 2, Blue;Office Supplies
Tenex Frame, Black;Furniture
Cisco Small Business SPA 502G VoIP phone;IT / Technology
Master Caster Door Stop, Gray;Furniture
Plantronics Audio 478 Stereo USB Headset;IT / Technology
Cisco Audio Dock, Cordless;IT / Technology
Ikea Corner Shelving, Metal;Furniture
Novimex Rocking Chair, Red;Furniture
Commission sur encaissement;Charges bancaires
Prang Dustless Chalk Sticks;Office Supplies
Epson Printer, White;IT / Technology
GBC Poly Designer Binding Covers;Office Supplies
Safco Value Mate Steel Bookcase, Baked Enamel Finish on Steel, Black;Furniture
Case Logic 2.4GHz Wireless Keyboard;IT / Technology
Enamor Women Ivory Coloured Briefs;Vêtements / Clothing
Panasonic KX T7731-B Digital phone;IT / Technology
Jockey Sport Performance  Men Green Trunks SP04;Vêtements / Clothing
Commission de gestion portefeuille titres;Charges bancaires
GBC VeloBind Cover Sets;Office Supplies
Samsung Galaxy S III - 16GB - pebble blue (T-Mobile);IT / Technology
Lifetime Advantage Folding Chairs, 4/Carton;Furniture
Bush Stackable Bookrack, Pine;Furniture
Lesro Round Table, Fully Assembled;Furniture
Déclaration sociale;Frais de personnel
Electrix 20W Halogen Replacement Bulb for Zoom-In Desk Lamp;Furniture
Master Caster Door Stop, Gray;Furniture
Apple Headset, Full Size;IT / Technology
Wilson Jones Standard D-Ring Binders;Office Supplies
Newell 350;Office Supplies
Xerox 217;Office Supplies
Relevé bancaire;Charges bancaires
Assistance comptable;Honoraires et prestations
Facit Men Sportz Red Innerwear Vest;Vêtements / Clothing
"Wilson Jones 1"" Hanging DublLock Ring Binders";Office Supplies
Memorex Micro Travel Drive 4 GB;IT / Technology
Sony 8GB Class 10 Micro SDHC R40 Memory Card;IT / Technology
Fichiers B2B;Charges bancaires
Cisco Desktop Collaboration Experience DX650 IP Video Phone;IT / Technology
Newell 317;Office Supplies
Howard Miller 12-3/4 Diameter Accuwave DS  Wall Clock;Furniture
Luxo Professional Magnifying Clamp-On Fluorescent Lamps;Furniture
Belkin 19 Center-Weighted Shelf, Gray;Office Supplies
Acco Binder, Recycled;Office Supplies
Eldon Cleatmat Plus Chair Mats for High Pile Carpets;Furniture
Rocia Women Casual Black Sandal;Vêtements / Clothing
Office Star - Mid Back Dual function Ergonomic High Back Chair with 2-Way Adjustable Arms;Furniture
Chromcraft Coffee Table, with Bottom Storage;Furniture
Global Stack Chair without Arms, Black;Furniture
Hon 2090 Pillow Soft Series Mid Back Swivel/Tilt Chairs;Furniture
Novimex Rocking Chair, Set of Two;Furniture
TVA;Honoraires et prestations
Telescoping Adjustable Floor Lamp;Furniture
Eldon Expressions Mahogany Wood Desk Collection;Furniture
Chromcraft Computer Table, Adjustable Height;Furniture
Bush Library with Doors, Mobile;Furniture
Eldon Frame, Duo Pack;Furniture
Hewlett Wireless Fax, Laser;IT / Technology
Global High-Back Leather Tilter, Burgundy;Furniture
Cardinal 3-Hole Punch, Economy;Office Supplies
Advantus Photo Frame, Erganomic;Furniture
Hon Racetrack Conference Tables;Furniture
Cuisinart Coffee Grinder, Silver;Office Supplies
Novimex Steel Folding Chair, Red;Furniture
Cuisinart Coffee Grinder, Red;Office Supplies
Samsung HM1900 Bluetooth Headset;IT / Technology
Accos Push Pins, Metal;Office Supplies
Ibico Recycled Grain-Textured Covers;Office Supplies
Dana Swing-Arm Lamps;Furniture
Panasonic KX TS3282W Corded phone;IT / Technology
Enermax Router, Bluetooth;IT / Technology
Plantronics HL10 Handset Lifter;IT / Technology
Lesro Round Table, Rectangular;Furniture
Fiskars Ruler, Easy Grip;Office Supplies
Barricks Conference Table, Fully Assembled;Furniture
Binder Posts;Office Supplies
Peel & Seel Recycled Catalog Envelopes, Brown;Office Supplies
Wilson Jones Hanging Recycled Pressboard Data Binders;Office Supplies
Green Bar Parchment Paper, 8.5 x 11;Office Supplies
Xerox 1984;Office Supplies
Belkin Keyboard, Programmable;IT / Technology
Cisco SPA 502G IP Phone;IT / Technology
Plantronics Audio 478 Stereo USB Headset;IT / Technology
High Speed Automatic Electric Letter Opener;Office Supplies
Advantus Employee of the Month Certificate Frame, 11 x 13-1/2;Furniture
Global Adaptabilites Bookcase, Cherry/Storm Gray Finish;Furniture
Logitech Wireless Performance Mouse MX for PC and Mac;IT / Technology
Trav-L-File Heavy-Duty Shuttle II, Black;Office Supplies
Panasonic Calculator, Red;IT / Technology
Born for This: How to Find the Work You Were Meant to Do;Livre / Book
Deflect-o EconoMat Studded, No Bevel Mat for Low Pile Carpeting;Furniture
Honoraires diverses;Honoraires et prestations
Chromcraft Round Conference Tables;Furniture
Frais de virement;Charges bancaires
Sony 64GB Class 10 Micro SDHC R40 Memory Card;IT / Technology
SAFCO Swivel Stool, Red;Furniture
Memorex Flash Drive, USB;IT / Technology
Riverside Furniture Oval Coffee Table, Oval End Table, End Table with Drawer;Furniture
Ibico Index Tab, Durable;Office Supplies
Cardinal Binding Machine, Recycled;Office Supplies
Cisco Desktop Collaboration Experience DX650 IP Video Phone;IT / Technology
Acme Box Cutter, Serrated;Office Supplies
Sauder Camden County Barrister Bookcase, Planked Cherry Finish;Furniture
Logitech Numeric Keypad, USB;IT / Technology
Enermax Computer Printout Paper, 8.5 x 11;Office Supplies
Hon Practical Foundations 30 x 60 Training Table, Light Gray/Charcoal;Furniture
Acme Letter Opener, Easy Grip;Office Supplies
Deflect-O Frame, Black;Furniture
honoraires géomètre expert;Honoraires et prestations
Frais de dossier étude de financement;Charges bancaires
Panasonic Phone, Wireless;IT / Technology
Konica Card Printer, Wireless;IT / Technology
Avery 5;Office Supplies
Belkin F9S820V06 8 Outlet Surge;Office Supplies
Logitech G600 MMO Gaming Mouse;IT / Technology
Fellowes Trays, Industrial;Office Supplies
Carina Double Wide Media Storage Towers in Natural & Black;Office Supplies
Office Star Rocking Chair, Set of Two;Furniture
Global Geo Office Task Chair, Gray;Furniture
versement transport public;Frais de personnel
frais juridiques dossier;Honoraires et prestations
Smead Legal Exhibit Labels, Adjustable;Office Supplies
Barricks Training Table, Rectangular;Furniture
KeyTronic E03601U1 - Keyboard - Beige;IT / Technology
Samsung Galaxy Note 3;IT / Technology
Tennsco Double-Tier Lockers;Office Supplies
Acme Stainless Steel Office Snips;Office Supplies
Barrel Sharpener;Office Supplies
SanDisk Cruzer 4 GB USB Flash Drive;IT / Technology
Bevis 36 x 72 Conference Tables;Furniture
Dania Stackable Bookrack, Mobile;Furniture
Bush Heritage Pine Collection 5-Shelf Bookcase, Albany Pine Finish, *Special Order;Furniture
Motorola Audio Dock, Cordless;IT / Technology
Eldon Image Series Desk Accessories, Burgundy;Furniture
Red Rose Women Cream Floral Print Bath Robe;Vêtements / Clothing
Location plateforme d’échange de fichiers bancaires;Charges bancaires
BIC Highlighters, Easy-Erase;Office Supplies
Linden 10 Round Wall Clock, Black;Furniture
Barrel Sharpener;Office Supplies
Polycom SoundPoint IP 450 VoIP phone;IT / Technology
Harbour Creations Chairmat, Black;Furniture
United Colors of Benetton Women Solid Dark Brown Tights;Vêtements / Clothing
Sharp Ink, Digital;IT / Technology
Xerox 1957;Office Supplies
Stanley Pens, Water Color;Office Supplies
Kensington 7 Outlet MasterPiece Power Center with Fax/Phone Line Protection;Office Supplies
O'Sullivan 2-Shelf Heavy-Duty Bookcases;Furniture
Advantus Frame, Erganomic;Furniture
Novimex Color Coded Labels, Laser Printer Compatible;Office Supplies
Kensington 6 Outlet Guardian Standard Surge Protector;Office Supplies
Fellowes Powershred HS-440 4-Sheet High Security Shredder;IT / Technology
PowerGen Dual USB Car Charger;IT / Technology
Project Tote Personal File;Office Supplies
Chromcraft Coffee Table, Adjustable Height;Furniture
3.6 Cubic Foot Counter Height Office Refrigerator;Office Supplies
"Black Avery Memo-Size 3-Ring Binder, 5 1/2"" x 8 1/2""";Office Supplies
Col-Erase Pencils with Erasers;Office Supplies
Okidata C331dn Printer;IT / Technology
Breville Microwave, Silver;Office Supplies
Rubbermaid Clock, Durable;Furniture
Apple Office Telephone, Full Size;IT / Technology
Green Bar Message Books, Recycled;Office Supplies
Southworth 25% Cotton Antique Laid Paper & Envelopes;Office Supplies
Sanford Markers, Fluorescent;Office Supplies
Harbour Creations 67200 Series Stacking Chairs;Furniture
KitchenAid Microwave, Red;Office Supplies
Moniteur HP Full HD;IT / Technology
Acco Binder Covers, Economy;Office Supplies
Chromcraft 48 x 96 Racetrack Double Pedestal Table;Furniture
Belkin Memory Card, Bluetooth;IT / Technology
I.R.I.S IRISCard Anywhere 5 Card Scanner;IT / Technology
3M Polarizing Light Filter Sleeves;Furniture
StarTech Receipt Printer, Wireless;IT / Technology
Newell 351;Office Supplies
White Computer Printout Paper by Universal;Office Supplies
Great White Multi-Use Recycled Paper (20Lb. and 84 Bright);Office Supplies
Executive Impressions 12 Wall Clock;Furniture
Life Without a Recipe;Livre / Book
Eldon 300 Class Desk Accessories, Black;Furniture
Holmes Replacement Filter for HEPA Air Cleaner, Large Room;Office Supplies
Boston 1900 Electric Pencil Sharpener;Office Supplies
Elite Scissors, Easy Grip;Office Supplies
PureGear Roll-On Screen Protector;IT / Technology
Deflect-O Clock, Durable;Furniture
révision comptable annuelle;Honoraires et prestations
BoxOffice By Design Rectangular and Half-Moon Meeting Room Tables;Furniture
Souris Bluetooth rechargeable;IT / Technology
Chromcraft Training Table, Fully Assembled;Furniture
Cardinal Slant-D Ring Binders;Office Supplies
Hon Wood Table, with Bottom Storage;Furniture
SanDisk Mouse, Programmable;IT / Technology
Bush Andora Conference Table, Maple/Graphite Gray Finish;Furniture
Novimex Shipping Labels, 5000 Label Set;Office Supplies
Acme Kleencut Forged Steel Scissors;Office Supplies
"Black Print Carbonless 8 1/2"" x 8 1/4"" Rapid Memo Book";Office Supplies
Tenex Light Bulb, Duo Pack;Furniture
Iceberg Nesting Folding Chair, 19w x 6d x 43h;Furniture
Tenex Traditional Chairmats for Hard Floors, Average Lip, 36 x 48;Furniture
Recycled Desk Saver Line While You Were Out Book, 5 1/2 X 4;Office Supplies
Ikea 3-Shelf Cabinet, Metal;Furniture
Fruits Basket, Vol. 5 (Fruits Basket #5);Livre / Book
Écran 27 pouces QHD;IT / Technology
Global Commerce Series High-Back Swivel/Tilt Chairs;Furniture
Eldon Folders, Blue;Office Supplies
Panasonic Receipt Printer, Wireless;IT / Technology
OtterBox Defender Series Case - iPhone 5c;IT / Technology
Accos Thumb Tacks, 12 Pack;Office Supplies
LG Electronics Tone+ HBS-730 Bluetooth Headset;IT / Technology
Avery 500;Office Supplies
Panasonic KX-TG9471B;IT / Technology
Office Star - Task Chair with Contemporary Loop Arms;Furniture
Global Executive Mid-Back Managers Chair;Furniture
Logitech Mouse, USB;IT / Technology
OIC Thumb Tacks, 12 Pack;Office Supplies
Hanes Men Blue Ultimate Duo Dry Cotton Stretch Bikini Briefs;Vêtements / Clothing
DAX Metal Frame, Desktop, Stepped-Edge;Furniture
Gould Plastics 18-Pocket Panel Bin, 34w x 5-1/4d x 20-1/2h;Office Supplies
Hon Rocking Chair, Set of Two;Furniture
Logitech Gaming G510s - Keyboard;IT / Technology
Cisco Speaker Phone, Cordless;IT / Technology
Rush Hierlooms Collection Rich Wood Bookcases;Furniture
Okidata C610n Printer;IT / Technology
Avery Durable Slant Ring Binders, No Labels;Office Supplies
Tenex Traditional Chairmats for Medium Pile Carpet, Standard Lip, 36 x 48;Furniture
Enermax Numeric Keypad, Erganomic;IT / Technology
Office Star Flex Back Scooter Chair with Aluminum Finish Frame;Furniture
Metal Folding Chairs, Beige, 4/Carton;Furniture
Avery Binding System Hidden Tab Executive Style Index Sets;Office Supplies
Xerox 212;Office Supplies
Array Memo Cubes;Office Supplies
Nokia Speaker Phone, Cordless;IT / Technology
Konica Card Printer, White;IT / Technology
Konica Printer, White;IT / Technology
Nike Women Black Capris;Vêtements / Clothing
Imation 16GB Mini TravelDrive USB 2.0 Flash Drive;IT / Technology
Daredevils;Livre / Book
GE 48 Fluorescent Tube, Cool White Energy Saver, 34 Watts, 30/Box;Furniture
Xerox 205;Office Supplies
DAX Copper Panel Document Frame, 5 x 7 Size;Furniture
Eaton Parchment Paper, Recycled;Office Supplies
Novimex Chairmat, Black;Furniture
Nu-Dell Executive Frame;Furniture
Smead Round Labels, 5000 Label Set;Office Supplies
Logitech Wireless Marathon Mouse M705;IT / Technology
"Bevis Round Bullnose 29"" High Table Top";Furniture
prestation conseil stratégique;Honoraires et prestations
Motorola Headset, with Caller ID;IT / Technology
Aastra 57i VoIP phone;IT / Technology
Wilson Jones Binder, Economy;Office Supplies
Bretford CR4500 Series Slim Rectangular Table;Furniture
Cardinal HOLDit! Binder Insert Strips,Extra Strips;Office Supplies
Fellowes Recycled Storage Drawers;Office Supplies
3D Systems Cube Printer, 2nd Generation, Magenta;IT / Technology
Conseil comptable;Honoraires et prestations
Maxell DVD-RAM Discs;IT / Technology
Enermax Mouse, Programmable;IT / Technology
SanDisk Flash Drive, Erganomic;IT / Technology
VTech DS6151;IT / Technology
WD My Passport Ultra 1TB Portable External Hard Drive;IT / Technology
Bose SoundLink Bluetooth Speaker;IT / Technology
Souris ergonomique verticale;IT / Technology
Executive Impressions 14 Contract Wall Clock;Furniture
Maxell Pro 80 Minute CD-R, 10/Pack;IT / Technology
Innergie mMini Combo Duo USB Travel Charging Kit;IT / Technology
Safco Stackable Bookrack, Mobile;Furniture
Belkin Mouse, Programmable;IT / Technology
Premium Writing Pencils, Soft, #2 by Central Association for the Blind;Office Supplies
Newell 326;Office Supplies
AT&T TR1909W;IT / Technology
HP Copy Machine, Color;IT / Technology
"Tenex ""The Solids"" Textured Chair Mats";Furniture
Logitech G500s Laser Gaming Mouse with Adjustable Weight Tuning;IT / Technology
Xblue XB-1670-86 X16 Small Office Telephone - Titanium;IT / Technology
Panasonic Receipt Printer, White;IT / Technology
Barricks Round Table, Rectangular;Furniture
Xerox 1922;Office Supplies
GBC Twin Loop Wire Binding Elements;Office Supplies
Enermax Parchment Paper, Recycled;Office Supplies
Bevis Round Conference Room Tables and Bases;Furniture
Green Bar Computer Printout Paper;Office Supplies
Eldon Expressions Desk Accessory, Wood Pencil Holder, Oak;Furniture
Canon Ink, Laser;IT / Technology
Eldon Photo Frame, Duo Pack;Furniture
Rogers File Cart, Blue;Office Supplies
Southworth 25% Cotton Antique Laid Paper & Envelopes;Office Supplies
Bush Somerset Collection Bookcase;Furniture
Ibico Standard Transparent Covers;Office Supplies
Metal Folding Chairs, Beige, 4/Carton;Furniture
Fellowes File Cart, Single Width;Office Supplies
"Hon 30"" x 60"" Table with Locking Drawer";Furniture
Sony 16GB Class 10 Micro SDHC R40 Memory Card;IT / Technology
Commission de succès;Charges bancaires
Self-Adhesive Removable Labels;Office Supplies
Electrix Halogen Magnifier Lamp;Furniture
Security-Tint Envelopes;Office Supplies
invisibleSHIELD by ZAGG Smudge-Free Screen Protector;IT / Technology
Global Adaptabilites Bookcase, Cherry/Storm Gray Finish;Furniture
Bush Library with Doors, Traditional;Furniture
Flat Face Poster Frame;Furniture
Advantus Photo Frame, Black;Furniture
Bush Westfield Collection Bookcases, Dark Cherry Finish;Furniture
Acco Pressboard Covers with Storage Hooks, 14 7/8 x 11, Dark Blue;Office Supplies
prestation graphisme freelance;Honoraires et prestations
Economy #2 Pencils;Office Supplies
#10 Gummed Flap White Envelopes, 100/Box;Office Supplies
Plantronics Single Ear Headset;IT / Technology
Hon Round Labels, Alphabetical;Office Supplies
Panasonic Inkjet, Wireless;IT / Technology
Ames Interoffice Envelope, Set of 50;Office Supplies
Hon GuestStacker Chair;Furniture
participation salariale;Frais de personnel
Adams Phone Message Book, 200 Message Capacity, 8 1/16” x 11”;Office Supplies
Binding Machine Supplies;Office Supplies
Durable Pressboard Binders;Office Supplies
Nokia Office Telephone, Full Size;IT / Technology
Electrix Fluorescent Magnifier Lamps & Weighted Base;Furniture
Magna Visual Magnetic Picture Hangers;Furniture
Avery Removable Labels, Adjustable;Office Supplies
Brother DCP1000 Digital 3 in 1 Multifunction Machine;IT / Technology
Deflect-O Light Bulb, Black;Furniture
Lexmark 20R1285 X6650 Wireless All-in-One Printer;IT / Technology
Eldon Mobile Mega Data Cart  Mega Stackable  Add-On Trays;Office Supplies
Micro Innovations Wireless Classic Keyboard with Mouse;IT / Technology
H&M T-shirt Red Size S;Vêtements / Clothing
Flat Face Poster Frame;Furniture
Kraft Mailers, Security-Tint;Office Supplies
ClearOne CHATAttach 160 - speaker phone;IT / Technology
Ultra Commercial Grade Dual Valve Door Closer;Furniture
Enermax Keyboard, Bluetooth;IT / Technology
Lady Midnight (The Dark Artifices #1);Livre / Book
Standard Line “While You Were Out” Hardbound Telephone Message Book;Office Supplies
Enermax Memory Card, Programmable;IT / Technology
Commissions dossiers départs;Charges bancaires
Mitel MiVoice 5330e IP Phone;IT / Technology
Stockwell Paper Clips, Assorted Sizes;Office Supplies
Advantus Plastic Paper Clips;Office Supplies
DAX Wood Document Frame.;Furniture
Colored Envelopes;Office Supplies
Super Bands, 12/Pack;Office Supplies
Deflect-O Light Bulb, Duo Pack;Furniture
Frais de dossier bancaire;Charges bancaires
KI Conference Tables;Furniture
Xerox 1945;Office Supplies
Lesro Round Table, Adjustable Height;Furniture
Tenex Antistatic Computer Chair Mats;Furniture
Belkin 8-Outlet Premiere SurgeMaster II Surge Protectors;Office Supplies
Clavier rétroéclairé RGB;IT / Technology
Anker 24W Portable Micro USB Car Charger;IT / Technology
Shocksock Galaxy S4 Armband;IT / Technology
Pencil and Crayon Sharpener;Office Supplies
Micro Innovations USB RF Wireless Keyboard with Mouse;IT / Technology
Anker Astro 15000mAh USB Portable Charger;IT / Technology
Ibico 3-Hole Punch, Clear;Office Supplies
Dania 3-Shelf Cabinet, Traditional;Furniture
"Howard Miller 13-1/2"" Diameter Rosebrook Wall Clock";Furniture
OtterBox Defender Series Case - Samsung Galaxy S4;IT / Technology
"Howard Miller 13"" Diameter Pewter Finish Round Wall Clock";Furniture
Fellowes Personal Hanging Folder Files, Navy;Office Supplies
Commission d'agence;Charges bancaires
Fichiers SEPA;Charges bancaires
Global Low Back Tilter Chair;Furniture
Avery 52;Office Supplies
Into the Wild;Livre / Book
Lenovo 17-Key USB Numeric Keypad;IT / Technology
Avery 494;Office Supplies
GE DSL Phone Line Filter;IT / Technology
Remboursement frais de déplacement personnel;Frais de personnel
Eldon Executive Woodline II Desk Accessories, Mahogany;Furniture
Binney & Smith Canvas, Easy-Erase;Office Supplies
honoraires avocat consultation;Honoraires et prestations
Wilson Jones Turn Tabs Binder Tool for Ring Binders;Office Supplies
Advantus Push Pins, 12 Pack;Office Supplies
Plastic Stacking Crates & Casters;Office Supplies
DataProducts Ampli Magnifier Task Lamp, Black,;Furniture
SanDisk Computer Printout Paper, 8.5 x 11;Office Supplies
Hon 4700 Series Mobuis Mid-Back Task Chairs with Adjustable Arms;Furniture
Global Troy Executive Leather Low-Back Tilter;Furniture
Advantus Map Pennant Flags and Round Head Tacks;Office Supplies
StarTech Receipt Printer, Red;IT / Technology
Avaya IP Phone 1140E VoIP phone;IT / Technology
Cisco Unified IP Phone 7945G VoIP phone;IT / Technology
Westinghouse Clip-On Gooseneck Lamps;Furniture
Sauder Forest Hills Library, Woodland Oak Finish;Furniture
LG Exalt;IT / Technology
Sharp Wireless Fax, Laser;IT / Technology
Frais de prélèvement;Charges bancaires
Chèques cadeaux;Frais de personnel
Microsoft Arc Touch Mouse;IT / Technology
Holidays on Ice;Livre / Book
Sauder Mission Library with Doors, Fruitwood Finish;Furniture
KitchenAid Blender, White;Office Supplies
Nokia Speaker Phone, Full Size;IT / Technology
Eldon Wave Desk Accessories;Furniture
Nabaiji Women Cross-back Swimsuit;Vêtements / Clothing
Barricks Non-Folding Utility Table with Steel Legs, Laminate Tops;Furniture
conseil fiscal entreprise;Honoraires et prestations
Global Comet Stacking Arm Chair;Furniture
Avery Color Coded Labels, Alphabetical;Office Supplies
Epson Card Printer, Wireless;IT / Technology
Memorex Micro Travel Drive 8 GB;IT / Technology
GBC Imprintable Covers;Office Supplies
AT&T CL83451 4-Handset Telephone;IT / Technology
Compact Automatic Electric Letter Opener;Office Supplies
Microsoft Natural Keyboard Elite;IT / Technology
Breville Coffee Grinder, White;Office Supplies
GBC White Gloss Covers, Plain Front;Office Supplies
Fiskars Trimmer, Easy Grip;Office Supplies
Plantronics Encore H101 Dual Earpieces Headset;IT / Technology
Fiskars Trimmer, High Speed;Office Supplies
Ibico Binder Covers, Clear;Office Supplies
Brother Personal Copier, Digital;IT / Technology
Eldon Expressions Punched Metal & Wood Desk Accessories, Black & Cherry;Furniture
RCA ViSYS 25825 Wireless digital phone;IT / Technology
Bonus;Frais de personnel
Samsung Galaxy Mega 6.3;IT / Technology
Eldon Expressions Desk Accessory, Wood Pencil Holder, Oak;Furniture
Rédaction contrat;Honoraires et prestations
Elite Shears, Easy Grip;Office Supplies
Bose SoundLink Bluetooth Speaker;IT / Technology
Smead Color Coded Labels, Laser Printer Compatible;Office Supplies
SAFCO Arco Folding Chair;Furniture
Safco Floating Shelf Set, Pine;Furniture
Panasonic Card Printer, Wireless;IT / Technology
"Ampad Evidence Wirebond Steno Books, 6"" x 9""";Office Supplies
Multi-Use Personal File Cart and Caster Set, Three Stacking Bins;Office Supplies
Nokia Speaker Phone, with Caller ID;IT / Technology
Binney & Smith Canvas, Water Color;Office Supplies
Frais de résiliation;Charges bancaires
Global Leather Executive Chair;Furniture
mutuelle entreprise salariés;Frais de personnel
DAX Two-Tone Silver Metal Document Frame;Furniture
bulletin de paie janvier;Frais de personnel
Avery 489;Office Supplies
HP Office Paper (20Lb. and 87 Bright);Office Supplies
Sauder Floating Shelf Set, Traditional;Furniture
Frais de tenue de compte;Charges bancaires
Fellowes Bankers Box Recycled Super Stor/Drawer;Office Supplies
Jawbone MINI JAMBOX Wireless Bluetooth Speaker;IT / Technology
Rubbermaid Stacking Tray, Erganomic;Furniture
Chromcraft Bull-Nose Wood Oval Conference Tables & Bases;Furniture
Enermax Briskie RF Wireless Keyboard and Mouse Combo;IT / Technology
Hewlett-Packard 300S Scientific Calculator;IT / Technology
Biba Women Blue Printed Churidar Kurta with Dupatta;Vêtements / Clothing
Samsung Galaxy S4;IT / Technology
iOttie XL Car Mount;IT / Technology
Honoraires comptables établissement bilan;Honoraires et prestations
Hon 4070 Series Pagoda Armless Upholstered Stacking Chairs;Furniture
Storex Dura Pro Binders;Office Supplies
Polycom VoiceStation 500 Conference phone;IT / Technology
Acco 6 Outlet Guardian Premium Surge Suppressor;Office Supplies
Déclaration fiscale;Honoraires et prestations
Okidata Printer, White;IT / Technology
Sharp Personal Copier, Color;IT / Technology
Dexim XPower Skin Super-Thin Power Case for iPhone 5 - Black;IT / Technology
Plantronics 81402;IT / Technology
Magnifier Swing Arm Lamp;Furniture
Epson Printer, Red;IT / Technology
Eldon Base for stackable storage shelf, platinum;Office Supplies
Okidata B400 Printer;IT / Technology
Logiciel comptable;Logiciels / Licences
Ibico 3-Hole Punch, Durable;Office Supplies
Bionaire 99.97% HEPA Air Cleaner;Office Supplies
Newell 335;Office Supplies
PureGear Roll-On Screen Protector;IT / Technology
Apple Speaker Phone, Cordless;IT / Technology
Hoover Microwave, Red;Office Supplies
The White Queen (The Cousins' War #1);Livre / Book
Microsoft Natural Keyboard Elite;IT / Technology
Logitech K350 2.4Ghz Wireless Keyboard;IT / Technology
Apple EarPods with Remote and Mic;IT / Technology
Electrix Architect's Clamp-On Swing Arm Lamp, Black;Furniture
Global Deluxe Steno Chair;Furniture
Avery Flip-Chart Easel Binder, Black;Office Supplies
Rubbermaid Clock, Duo Pack;Furniture
Polycom VoiceStation 500 Conference phone;IT / Technology
Commission de sortie;Charges bancaires
Cisco Office Telephone, VoIP;IT / Technology
Hon Every-Day Series Multi-Task Chairs;Furniture
Memorex Keyboard, Programmable;IT / Technology
Speck Products Candyshell Flip Case;IT / Technology
Bevis Round Conference Table Top, X-Base;Furniture
Portable Personal File Box;Office Supplies
Jabra SPEAK 410 Multidevice Speakerphone;IT / Technology
Personal Filing Tote with Lid, Black/Gray;Office Supplies
Facit Men Orange Innerwear Vest;Vêtements / Clothing
Samsung Replacement EH64AVFWE Premium Headset;IT / Technology
Ibico Plastic Spiral Binding Combs;Office Supplies
prestation traduction professionnelle;Honoraires et prestations
Ikea Floating Shelf Set, Pine;Furniture
Hon Metal Bookcases, Black;Furniture
Catwalk Women Blue Wedges;Vêtements / Clothing
Avery Legal 4-Ring Binder;Office Supplies
Socket Bluetooth Cordless Hand Scanner (CHS);IT / Technology
Barricks Computer Table, Adjustable Height;Furniture
Eldon Door Stop, Duo Pack;Furniture
Lesro Wood Table, Fully Assembled;Furniture
Hewlett-Packard Deskjet D4360 Printer;IT / Technology
DAX Executive Solid Wood Document Frame, Desktop or Hang, Mahogany, 5 x 7;Furniture
Bady BDG101FRU Card Printer;IT / Technology
Tennsco Commercial Shelving;Office Supplies
VTech DS6151;IT / Technology
Dania Floating Shelf Set, Mobile;Furniture
Acco 6 Outlet Guardian Basic Surge Suppressor;Office Supplies
Stockwell Paper Clips, Metal;Office Supplies
Jiffy Mailers, Security-Tint;Office Supplies
indemnité de rupture conventionnelle;Frais de personnel
"Seth Thomas 8 1/2"" Cubicle Clock";Furniture
Southworth 25% Cotton Linen-Finish Paper & Envelopes;Office Supplies
Motorola HK250 Universal Bluetooth Headset;IT / Technology
BOSTON Ranger #55 Pencil Sharpener, Black;Office Supplies
Médecine du travail;Frais de personnel
DAX Executive Solid Wood Document Frame, Desktop or Hang, Mahogany, 5 x 7;Furniture
ClearOne CHATAttach 160 - speaker phone;IT / Technology
Mise ├á jour logiciel;Logiciels / Licences
Safco Corner Shelving, Mobile;Furniture
Canon Copy Machine, High-Speed;IT / Technology
Belkin Numeric Keypad, Bluetooth;IT / Technology
Xerox 216;Office Supplies
HP Wireless Fax, Laser;IT / Technology
Xerox 1894;Office Supplies
Mother Earth Women Blue Printed Kurti;Vêtements / Clothing
C-Line Cubicle Keepers Polyproplyene Holder With Velcro Backings;Furniture
Belkin Flash Drive, USB;IT / Technology
Portable Personal File Box;Office Supplies
Polycom CX300 Desktop Phone USB VoIP phone;IT / Technology
Polycom VVX 310 VoIP phone;IT / Technology
Xerox 1994;Office Supplies
Eldon Gobal File Keepers;Office Supplies
Memorex Router, Bluetooth;IT / Technology
Honoraires comptables;Honoraires et prestations
Premium Transparent Presentation Covers by GBC;Office Supplies
Souris optique HP;IT / Technology
Imation 16GB Mini TravelDrive USB 2.0 Flash Drive;IT / Technology
Konica Receipt Printer, Durable;IT / Technology
Aluminum Screw Posts;Office Supplies
Premium Writing Pencils, Soft, #2 by Central Association for the Blind;Office Supplies
Master Caster Door Stop, Large Brown;Furniture
Écran incurvé 32 pouces;IT / Technology
Ibico EB-19 Dual Function Manual Binding System;Office Supplies
Mophie Juice Pack Helium for iPhone;IT / Technology
Imation Bio 8GB USB Flash Drive Imation Corp;IT / Technology
Safco Chair Connectors, 6/Carton;Furniture
Avery 495;Office Supplies
Avery 478;Office Supplies
Acco Binder, Durable;Office Supplies
DAX Cubicle Frames, 8-1/2 x 11;Furniture
Gould Plastics 18-Pocket Panel Bin, 34w x 5-1/4d x 20-1/2h;Office Supplies
Xerox 1985;Office Supplies
Avery Metallic Poly Binders;Office Supplies
SanDisk Memory Card, Bluetooth;IT / Technology
Logitech G700s Rechargeable Gaming Mouse;IT / Technology
Barricks Training Table, Fully Assembled;Furniture
Gear Head AU3700S Headset;IT / Technology
Motorola Signal Booster, VoIP;IT / Technology
Sanford Markers, Easy-Erase;Office Supplies
Xerox 1929;Office Supplies
Bush Floating Shelf Set, Traditional;Furniture
Cherry 142-key Programmable Keyboard;IT / Technology
Jet-Pak Recycled Peel 'N' Seal Padded Mailers;Office Supplies
Self-Adhesive Removable Labels;Office Supplies
Samsung Signal Booster, Full Size;IT / Technology
Wilson Jones 1 Hanging DublLock Ring Binders;Office Supplies
Aastra 6757i CT Wireless VoIP phone;IT / Technology
Logitech Wireless Touch Keyboard K400;IT / Technology
Eldon ProFile File N Store Portable File Tub Letter/Legal Size Black;Office Supplies
Enermax Router, USB;IT / Technology
LF Elite 3D Dazzle Designer Hard Case Cover, Lf Stylus Pen and Wiper For Apple Iphone 5c Mini Lite;IT / Technology
Motorola L703CM;IT / Technology
JBL Micro Wireless Portable Bluetooth Speaker;IT / Technology
Tenex B1-RE Series Chair Mats for Low Pile Carpets;Furniture
Stanley Pencil Sharpener, Fluorescent;Office Supplies
Shree Women Multi Colored Jodhpuri Salwar;Vêtements / Clothing
Deflect-O Light Bulb, Erganomic;Furniture
"Fiskars 8"" Scissors, 2/Pack";Office Supplies
Verbatim 25 GB 6x Blu-ray Single Layer Recordable Disc, 25/Pack;IT / Technology
Boston Model 1800 Electric Pencil Sharpener, Gray;Office Supplies
Novimex Color Coded Labels, Alphabetical;Office Supplies
Fiskars Home & Office Scissors;Office Supplies
Belkin Router, Erganomic;IT / Technology
Hon Executive Leather Armchair, Adjustable;Furniture
Frais de formation continue du personnel;Frais de personnel
Kraft Clasp Envelope, Set of 50;Office Supplies
Hon Valutask Swivel Chairs;Furniture
Chromcraft Bull-Nose Wood 48 x 96 Rectangular Conference Tables;Furniture
prestation marketing agence;Honoraires et prestations
Sanford Sketch Pad, Blue;Office Supplies
Vtech AT&T CL2940 Corded Speakerphone, Black;IT / Technology
Accos Rubber Bands, Metal;Office Supplies
Belkin QODE FastFit Bluetooth Keyboard;IT / Technology
PNY Rapid USB Car Charger - Black;IT / Technology
Xerox 1937;Office Supplies
Apple Signal Booster, Full Size;IT / Technology
Eureka The Boss Lite 10-Amp Upright Vacuum, Blue;Office Supplies
Hon 4060 Series Tables;Furniture
Prévoyance;Frais de personnel
Bevis Training Table, Fully Assembled;Furniture
Panasonic Phone, Durable;IT / Technology
The Joy of Cooking;Livre / Book
RCA Visys Integrated PBX 8-Line Router;IT / Technology
Logitech Router, Erganomic;IT / Technology
RCA Visys Integrated PBX 8-Line Router;IT / Technology
Ames Color-File Green Diamond Border X-ray Mailers;Office Supplies
Advantus Frame, Black;Furniture
Sharp Wireless Fax, Digital;IT / Technology
Hewlett Copy Machine, Color;IT / Technology
Office Star Steel Folding Chair, Red;Furniture
ShoreTel ShorePhone IP 230 VoIP phone;IT / Technology
Micro Innovations USB RF Wireless Keyboard with Mouse;IT / Technology
Holmes HEPA Air Purifier;Office Supplies
Multimedia Mailers;Office Supplies
Eldon Light Bulb, Durable;Furniture
Rubbermaid Light Bulb, Black;Furniture
Tenex Light Bulb, Black;Furniture
Smead Round Labels, Adjustable;Office Supplies
Texas Instrument TI-15 Fraction Calculator;IT / Technology
Dania Stackable Bookrack, Pine;Furniture
Maxell iVDR EX 500GB Cartridge;IT / Technology
Eureka Recycled Copy Paper 8 1/2 x 11, Ream;Office Supplies
Panasonic KX-TG6844B Expandable Digital Cordless Telephone;IT / Technology
Okidata Inkjet, White;IT / Technology
Belkin SportFit Armband For iPhone 5s/5c, Fuchsia;IT / Technology
Xerox 1973;Office Supplies
Consulting comptable;Honoraires et prestations
Safco Stackable Bookrack, Traditional;Furniture
Plantronics S12 Corded Telephone Headset System;IT / Technology
Avery 475;Office Supplies
Verbatim Slim CD and DVD Storage Cases, 50/Pack;IT / Technology
Motorola L804;IT / Technology
Wilson Jones Binder Covers, Economy;Office Supplies
Advantus Frame, Duo Pack;Furniture
KeyTronic KT800P2 - Keyboard - Black;IT / Technology
Frais d'instruction;Charges bancaires
Grandstream GXP2100 Mainstream Business Phone;IT / Technology
Tennsco Single-Tier Lockers;Office Supplies
Hewlett Personal Copier, Laser;IT / Technology
Deflect-O Photo Frame, Duo Pack;Furniture
Avery 510;Office Supplies
Licence Acceleo;Logiciels / Licences
Office Star Steel Folding Chair, Set of Two;Furniture
Konica Card Printer, Red;IT / Technology
Situations Contoured Folding Chairs, 4/Set;Furniture
Epson TM-T88V Direct Thermal Printer - Monochrome - Desktop;IT / Technology
Maxell 4.7GB DVD+R 5/Pack;IT / Technology
Holmes Cool Mist Humidifier for the Whole House with 8-Gallon Output per Day, Extended Life Filter;Office Supplies
Cisco TelePresence System EX90 Videoconferencing Unit;IT / Technology
heures supplémentaires personnel;Frais de personnel
Eldon Clock, Durable;Furniture
C-Line Cubicle Keepers Polyproplyene Holder w/Velcro Back, 8-1/2x11, 25/Bx;Furniture
tickets restaurant personnel;Frais de personnel
Global Leather Highback Executive Chair with Pneumatic Height Adjustment, Black;Furniture
Belkin Grip Candy Sheer Case / Cover for iPhone 5 and 5S;IT / Technology
Harbour Creations Steel Folding Chair, Red;Furniture
Avery Color Coded Labels, 5000 Label Set;Office Supplies
Sony 32GB Class 10 Micro SDHC R40 Memory Card;IT / Technology
Kingston Digital DataTraveler 32GB USB 2.0;IT / Technology
Storex Flexible Poly Binders with Double Pockets;Office Supplies
Bevis Round Table, with Bottom Storage;Furniture
Floodlight Indoor Halogen Bulbs, 1 Bulb per Pack, 60 Watts;Furniture
Commission sur dossier départ;Charges bancaires
Office Star - Contemporary Task Swivel chair with Loop Arms, Charcoal;Furniture
Logitech Numeric Keypad, Erganomic;IT / Technology
Sanford Highlighters, Easy-Erase;Office Supplies
Logitech Keyboard, Erganomic;IT / Technology
Deflect-O Frame, Erganomic;Furniture
Panasonic KX - TS880B Telephone;IT / Technology
Hewlett-Packard Deskjet 3050a All-in-One Color Inkjet Printer;IT / Technology
KI Adjustable-Height Table;Furniture
Cisco IP Phone 7961G-GE VoIP phone;IT / Technology
DAX Two-Tone Rosewood/Black Document Frame, Desktop, 5 x 7;Furniture
StarTech Phone, Durable;IT / Technology
Bevis Round Conference Table Top, X-Base;Furniture
Logitech Media Keyboard K200;IT / Technology
Frais de transmission fichiers bancaires EBICS;Charges bancaires
KitchenAid Toaster, Silver;Office Supplies
Advantus Push Pins, Aluminum Head;Office Supplies
Lesro Training Table, with Bottom Storage;Furniture
Memorex Mini Travel Drive 32 GB USB 2.0 Flash Drive;IT / Technology
Adams Telephone Message Book W/Dividers/Space For Phone Numbers, 5 1/4X8 1/2, 200/Messages;Office Supplies
Hon Rocking Chair, Adjustable;Furniture
Avaya 4621SW VoIP phone;IT / Technology
Cisco SPA301;IT / Technology
Enermax Router, Erganomic;IT / Technology
Bush Cubix Conference Tables, Fully Assembled;Furniture
File Shuttle II and Handi-File, Black;Office Supplies
White Envelopes, White Envelopes with Clear Poly Window;Office Supplies
Rubbermaid Door Stop, Duo Pack;Furniture
HTC One;IT / Technology
Canon Fax and Copier, High-Speed;IT / Technology
Advantus Photo Frame, Duo Pack;Furniture
Office Star Flex Back Scooter Chair with White Frame;Furniture
Plymouth Boxed Rubber Bands by Plymouth;Office Supplies
Hon Training Table, Adjustable Height;Furniture
Frais de dossier renouvellement ligne de crédit;Charges bancaires
Belkin Router, Bluetooth;IT / Technology
Cisco Office Telephone, Full Size;IT / Technology
Ikea Stackable Bookrack, Metal;Furniture
Fellowes File Cart, Industrial;Office Supplies
Regeneration Desk Collection;Furniture
Office Star Chairmat, Adjustable;Furniture
honoraires avocat contentieux;Honoraires et prestations
Aastra 6757i CT Wireless VoIP phone;IT / Technology
Newell 319;Office Supplies
Ativa D5772 2-Line 5.8GHz Digital Expandable Corded/Cordless Phone System with Answering & Caller ID/Call Waiting, Black/Silver;IT / Technology
Samsung Galaxy Note 3;IT / Technology
Kleencut Scissors, Steel;Office Supplies
Global Stack Chair without Arms, Black;Furniture
Artistic Insta-Plaque;Furniture
SanDisk Ultra 64 GB MicroSDHC Class 10 Memory Card;IT / Technology
Jiffy Mailers, Recycled;Office Supplies
BIC Pens, Blue;Office Supplies
"Acco Recycled 2"" Capacity Laser Printer Hanging Data Binders";Office Supplies
Epson Calculator, Red;IT / Technology
Clavier USB AZERTY;IT / Technology
Eldon Regeneration Recycled Desk Accessories, Black;Furniture
Smead File Folder Labels, Laser Printer Compatible;Office Supplies
Safco Library with Doors, Pine;Furniture
DAX Cubicle Frames - 8x10;Furniture
Memorex Flash Drive, Bluetooth;IT / Technology
Howard Miller 12-3/4 Diameter Accuwave DS  Wall Clock;Furniture
Rubbermaid Light Bulb, Duo Pack;Furniture
Ikea Corner Shelving, Mobile;Furniture
Eldon Expressions Desk Accessory, Wood Photo Frame, Mahogany;Furniture
GBC Recycled Grain Textured Covers;Office Supplies
Petty Cash Envelope;Office Supplies
Office Star Swivel Stool, Set of Two;Furniture
Adams Telephone Message Books, 5 1/4” x 11”;Office Supplies
Post-it “Important Message” Note Pad, Neon Colors, 50 Sheets/Pad;Office Supplies
O'Sullivan Cherrywood Estates Traditional Bookcase;Furniture
Bulletin de paie;Frais de personnel
Xerox 1901;Office Supplies
Souris portable notebook;IT / Technology
GBC Standard Plastic Binding Systems Combs;Office Supplies
Hon 2111 Invitation Series Straight Table;Furniture
"Executive Impressions 12"" Wall Clock";Furniture
Clavier silencieux bureautique;IT / Technology
Hoover Commercial Lightweight Upright Vacuum;Office Supplies
Novimex Legal Exhibit Labels, Alphabetical;Office Supplies
RCA ViSYS 25425RE1 Corded phone;IT / Technology
Memorex Memory Card, Programmable;IT / Technology
Mead 1st Gear 2 Zipper Binder, Asst. Colors;Office Supplies
Dax Clear Box Frame;Furniture
Tensor Hersey Kiss Styled Floor Lamp;Furniture
Konica Phone, Wireless;IT / Technology
Longer-Life Soft White Bulbs;Furniture
Dania Library with Doors, Pine;Furniture
Xerox 203;Office Supplies
Cameo Clasp Envelope, with clear poly window;Office Supplies
Hon 5100 Series Wood Tables;Furniture
conseil en organisation;Honoraires et prestations
Konica Inkjet, Durable;IT / Technology
Novimex Chairmat, Adjustable;Furniture
déclaration urssaf dsn;Frais de personnel
Logitech diNovo Edge Keyboard;IT / Technology
Ikea Floating Shelf Set, Traditional;Furniture
Harbour Creations Rocking Chair, Red;Furniture
Global Deluxe Steno Chair;Furniture
Cotisations sociales;Frais de personnel
Acme Letter Opener, Serrated;Office Supplies
SanDisk Memo Slips, Multicolor;Office Supplies
Xerox 222;Office Supplies
Chromcraft Coffee Table, Fully Assembled;Furniture
Newell 333;Office Supplies
Nokia Headset, with Caller ID;IT / Technology
DAX Charcoal/Nickel-Tone Document Frame, 5 x 7;Furniture
Breville Microwave, Black;Office Supplies
Prestations diverses réception et accueil;Honoraires et prestations
Sanford Canvas, Water Color;Office Supplies
Okidata Receipt Printer, Red;IT / Technology
Xerox 1920;Office Supplies
Eldon Cleatmat Chair Mats for Medium Pile Carpets;Furniture
Green Bar Memo Slips, Multicolor;Office Supplies
Motorola Office Telephone, with Caller ID;IT / Technology
Jabra SPEAK 410;IT / Technology
"Executive Impressions 14"" Contract Wall Clock";Furniture
Tennsco Industrial Shelving;Office Supplies
SanDisk Cards & Envelopes, Premium;Office Supplies
Acme Titanium Bonded Scissors;Office Supplies
Hunt BOSTON Model 1606 High-Volume Electric Pencil Sharpener, Beige;Office Supplies
I Hate Fairyland, Vol. 1: Madly Ever After (I Hate Fairyland (Compilations) #1-5);Livre / Book
Avery File Folder Labels, Adjustable;Office Supplies
Harbour Creations Swivel Stool, Set of Two;Furniture
Xerox 1918;Office Supplies
Belkin Numeric Keypad, USB;IT / Technology
Hewlett Fax and Copier, Laser;IT / Technology
Global Deluxe High-Back Manager's Chair;Furniture
Licence mensuelle logiciel gestion de paie;Logiciels / Licences
Brother Ink, Digital;IT / Technology
Maxell 4.7GB DVD-RW 3/Pack;IT / Technology
Sharp Copy Machine, Color;IT / Technology
Eldon Door Stop, Black;Furniture
PayAnywhere Card Reader;IT / Technology
Enermax Memo Slips, Multicolor;Office Supplies
Brother Personal Copier, High-Speed;IT / Technology
Digium D40 VoIP phone;IT / Technology
Accos Push Pins, 12 Pack;Office Supplies
Little Red;Livre / Book
Sharp Ink, High-Speed;IT / Technology
Harbour Creations Bag Chairs, Set of Two;Furniture
Logitech G13 Programmable Gameboard with LCD Display;IT / Technology
Dania Corner Shelving, Pine;Furniture
Global Wood Trimmed Manager's Task Chair, Khaki;Furniture
Atlantic Metals Mobile 5-Shelf Bookcases, Custom Colors;Furniture
Hon Olson Stacker Chairs;Furniture
Fellowes Lockers, Blue;Office Supplies
Newell 336;Office Supplies
Green Bar Note Cards, Premium;Office Supplies
Tops Wirebound Message Log Books;Office Supplies
Xerox 1935;Office Supplies
Wilson Jones 3-Hole Punch, Clear;Office Supplies
Logitech G13 Programmable Gameboard with LCD Display;IT / Technology
Kleencut Ruler, Easy Grip;Office Supplies
Hamilton Beach Blender, Black;Office Supplies
iHome FM Clock Radio with Lightning Dock;IT / Technology
WD My Passport Ultra 500GB Portable External Hard Drive;IT / Technology
Belkin 7-Outlet SurgeMaster Home Series;Office Supplies
Nokia Signal Booster, Full Size;IT / Technology
Sharp Personal Copier, High-Speed;IT / Technology
"Seth Thomas 14"" Day/Date Wall Clock";Furniture
Avery 487;Office Supplies
Global Adaptabilities Conference Tables;Furniture
"Tennsco Stur-D-Stor Boltless Shelving, 5 Shelves, 24"" Deep, Sand";Office Supplies
DAX Contemporary Wood Frame with Silver Metal Mat, Desktop, 11 x 14 Size;Furniture
Okidata Calculator, Red;IT / Technology
Hon Bag Chairs, Set of Two;Furniture
Novimex Swivel Stool, Set of Two;Furniture
Stanley Contemporary Battery Pencil Sharpeners;Office Supplies
DMI Arturo Collection Mission-style Design Wood Chair;Furniture
Apple Signal Booster, VoIP;IT / Technology
Advantus Staples, Bulk Pack;Office Supplies
conseil juridique entreprise;Honoraires et prestations
Avery 52;Office Supplies
Microsoft Sculpt Comfort Mouse;IT / Technology
Global Leather Highback Executive Chair with Pneumatic Height Adjustment, Black;Furniture
SanDisk Memo Slips, Recycled;Office Supplies
taxe apprentissage;Frais de personnel
Deflect-O Photo Frame, Durable;Furniture
Rubbermaid Frame, Duo Pack;Furniture
Abonnement carte bancaire;Charges bancaires
Cameo Business Envelopes, Recycled;Office Supplies
Advantus Frame, Durable;Furniture
Pressboard Data Binders by Wilson Jones;Office Supplies
SanDisk Memory Card, Programmable;IT / Technology
Probase Multicoloured Printed Boxers;Vêtements / Clothing
Prestige Round Ring Binders;Office Supplies
Eldon Image Series Desk Accessories, Burgundy;Furniture
"XtraLife ClearVue Slant-D Ring Binder, White, 3""";Office Supplies
AT&T CL82213;IT / Technology
Safco Corner Shelving, Traditional;Furniture
Licence PostgreSQL;Logiciels / Licences
Tenex Folders, Industrial;Office Supplies
Hewlett Ink, High-Speed;IT / Technology
Newell 325;Office Supplies
Xerox 1945;Office Supplies
LG Electronics Tone+ HBS-730 Bluetooth Headset;IT / Technology
Canon Personal Copier, Laser;IT / Technology
Memorex Mini Travel Drive 64 GB USB 2.0 Flash Drive;IT / Technology
ARKON Windshield Dashboard Air Vent Car Mount Holder;IT / Technology
Acco Binder, Economy;Office Supplies
Floodlight Indoor Halogen Bulbs, 1 Bulb per Pack, 60 Watts;Furniture
Seth Thomas 14 Putty-Colored Wall Clock;Furniture
Enermax Memory Card, Bluetooth;IT / Technology
Ikea Library with Doors, Mobile;Furniture
GlobeWeis Business Envelopes, Security-Tint;Office Supplies
HP Personal Copier, Color;IT / Technology
Hon 2090 “Pillow Soft” Series Mid Back Swivel/Tilt Chairs;Furniture
"Tensor ""Hersey Kiss"" Styled Floor Lamp";Furniture
Panasonic Phone, Red;IT / Technology
Xerox 1997;Office Supplies
Global Deluxe Stacking Chair, Gray;Furniture
Eldon Expressions Punched Metal & Wood Desk Accessories, Black & Cherry;Furniture
acompte sur salaire;Frais de personnel
Logitech Wireless Headset h800;IT / Technology
4009 Highlighters;Office Supplies
KitchenAid Refrigerator, Silver;Office Supplies
Eldon Advantage Foldable Chair Mats for Low Pile Carpets;Furniture
Chromcraft Bull-Nose Wood Round Conference Table Top, Wood Base;Furniture
Sanford Markers, Blue;Office Supplies
Écran 24;IT / Technology
Office Star Executive Leather Armchair, Black;Furniture
StarTech Phone, Red;IT / Technology
Acco 3-Hole Punch, Clear;Office Supplies
GBC DocuBind TL200 Manual Binding Machine;Office Supplies
Tenex V2T-RE Standard Weight Series Chair Mat, 45 x 53, Lip 25 x 12;Furniture
Novimex Turbo Task Chair;Furniture
Sauder Library with Doors, Mobile;Furniture
NETGEAR RangeMax WNR1000 Wireless Router;IT / Technology
Computer Printout Paper with Letter-Trim Perforations;Office Supplies
Barricks Conference Table, with Bottom Storage;Furniture
High-Back Leather Managers Chair;Furniture
intéressement personnel;Frais de personnel
Lexmark MarkNet N8150 Wireless Print Server;IT / Technology
OIC Rubber Bands, 12 Pack;Office Supplies
"Executive Impressions 14"" Contract Wall Clock with Quartz Movement";Furniture
Advantus Light Bulb, Durable;Furniture
Licence perpétuelle logiciel CRM;Logiciels / Licences
Bush Andora Conference Table, Maple/Graphite Gray Finish;Furniture
Bevis Rectangular Conference Tables;Furniture
Ames Peel and Seal, with clear poly window;Office Supplies
Smead File Folder Labels, Adjustable;Office Supplies
Things To Do Today Pad;Office Supplies
Okidata Card Printer, Wireless;IT / Technology
Tenex Photo Frame, Durable;Furniture
SmartStand Mobile Device Holder, Assorted Colors;IT / Technology
Tennsco 6- and 18-Compartment Lockers;Office Supplies
Maintenance logiciel;Logiciels / Licences
Xerox Note Cards, Premium;Office Supplies
Atlantic Metals Mobile 3-Shelf Bookcases, Custom Colors;Furniture
Eberhard Faber 3 1/2 Golf Pencils;Office Supplies
frais de visite médicale travail;Frais de personnel
Deluxe Heavy-Duty Vinyl Round Ring Binder;Office Supplies
OtterBox Commuter Series Case - iPhone 5 & 5s;IT / Technology
OSullivan Living Dimensions 5-Shelf Bookcases;Furniture
déclaration tva trimestrielle;Honoraires et prestations
Rubbermaid Frame, Erganomic;Furniture
Novimex Fabric Task Chair;Furniture
Eldon File Chest Portable File;Office Supplies
24-Hour Round Wall Clock;Furniture
Imation Bio 8GB USB Flash Drive Imation Corp;IT / Technology
Zara Shoes Black Size M;Vêtements / Clothing
Dania Classic Bookcase, Metal;Furniture
Frais de carte bancaire;Charges bancaires
Panasonic Inkjet, Durable;IT / Technology
Commission de mouvement;Charges bancaires
Hoover Microwave, Silver;Office Supplies
Kensington SlimBlade Notebook Wireless Mouse with Nano Receiver;IT / Technology
Jiffy Manila Envelope, with clear poly window;Office Supplies
Xerox 1882;Office Supplies
Epson Phone, Wireless;IT / Technology
Saisie comptable;Honoraires et prestations
Ibico Hole Reinforcements, Durable;Office Supplies
Commission d'intervention;Charges bancaires
Avery 486;Office Supplies
NETGEAR N750 Dual Band Wi-Fi Gigabit Router;IT / Technology
Sharp AL-1530CS Digital Copier;IT / Technology
Sabrent 4-Port USB 2.0 Hub;IT / Technology
Hoover Commercial SteamVac;Office Supplies
Tickets restaurant;Frais de personnel
Souris silencieuse;IT / Technology
OSullivan Living Dimensions 2-Shelf Bookcases;Furniture
Commission de découvert non autorisé;Charges bancaires
Contemporary Wood/Metal Frame;Furniture
Samsung Convoy 3;IT / Technology
Sharp Ink, Laser;IT / Technology
Sauder Corner Shelving, Traditional;Furniture
Hon Deluxe Fabric Upholstered Stacking Chairs, Rounded Back;Furniture
Samsung Office Telephone, with Caller ID;IT / Technology
Sharp 1540cs Digital Laser Copier;IT / Technology
HON 5400 Series Task Chairs for Big and Tall;Furniture
This Is Where It Ends;Livre / Book
SanDisk Ultra 16 GB MicroSDHC Class 10 Memory Card;IT / Technology
Hon Deluxe Fabric Upholstered Stacking Chairs, Squared Back;Furniture
Barefoot Contessa at Home: Everyday Recipes You'll Make Over and Over Again;Livre / Book
SanDisk Router, Programmable;IT / Technology
Eldon 200 Class Desk Accessories, Burgundy;Furniture
Eldon Pizzaz Desk Accessories;Furniture
Razer Kraken PRO Over Ear PC and Music Headset;IT / Technology
Stockwell Gold Paper Clips;Office Supplies
chèques déjeuner employés;Frais de personnel
DAX Two-Tone Silver Metal Document Frame;Furniture
Enermax Aurora Lite Keyboard;IT / Technology
Nike Women As Script Mas Navy Blue Sweatshirts;Vêtements / Clothing
Team of Rivals: The Political Genius of Abraham Lincoln;Livre / Book
Quadratus;Logiciels / Licences
Eldon Expressions Wood Desk Accessories, Oak;Furniture
Novimex Bag Chairs, Red;Furniture
Eldon 500 Class Desk Accessories;Furniture
Deflect-o DuraMat Antistatic Studded Beveled Mat for Medium Pile Carpeting;Furniture
Canon Fax Machine, Color;IT / Technology
Prestations diverses;Honoraires et prestations
Okidata Inkjet, Wireless;IT / Technology
Logitech Wireless Boombox Speaker - portable - wireless, wired;IT / Technology
Acme Forged Steel Scissors with Black Enamel Handles;Office Supplies
Eldon ClusterMat Chair Mat with Cordless Antistatic Protection;Furniture
TOPS Money Receipt Book, Consecutively Numbered in Red,;Office Supplies
Sharp Fax and Copier, Digital;IT / Technology
First Data FD10 PIN Pad;IT / Technology
Ames Interoffice Envelope, with clear poly window;Office Supplies
Panasonic Receipt Printer, Red;IT / Technology
Office Star Bag Chairs, Set of Two;Furniture
Tenex Trays, Industrial;Office Supplies
Tyvek Side-Opening Peel & Seel Expanding Envelopes;Office Supplies
Hon Conference Table, with Bottom Storage;Furniture
"Adams Write n' Stick Phone Message Book, 11"" X 5 1/4"", 200 Messages";Office Supplies
OtterBox Commuter Series Case - Samsung Galaxy S4;IT / Technology
GBC DocuBind 200 Manual Binding Machine;Office Supplies
Global Stack Chair with Arms, Black;Furniture
Howard Miller 13-1/2 Diameter Rosebrook Wall Clock;Furniture
KeyTronic 6101 Series - Keyboard - Black;IT / Technology
"Executive Impressions 14""";Furniture
Cisco IP Phone 7961G VoIP phone - Dark gray;IT / Technology
tenue de comptabilité mensuelle;Honoraires et prestations
Smead Shipping Labels, 5000 Label Set;Office Supplies
Newell 329;Office Supplies
Deflect-O Door Stop, Duo Pack;Furniture
Commission dossiers départs;Charges bancaires
Bionaire Personal Warm Mist Humidifier/Vaporizer;Office Supplies
ShoreTel ShorePhone IP 230 VoIP phone;IT / Technology
Nokia Audio Dock, VoIP;IT / Technology
Master Caster Door Stop, Brown;Furniture
Epson Card Printer, White;IT / Technology
Advantus Rubber Bands, Assorted Sizes;Office Supplies
Bush Floating Shelf Set, Pine;Furniture
Stiletto Ruler, Serrated;Office Supplies
Frais de traitement;Charges bancaires
Newell 338;Office Supplies
Enermax Flash Drive, Programmable;IT / Technology
Ames Clasp Envelope, Recycled;Office Supplies
Searching for Meaning in Gailana;Livre / Book
Global Airflow Leather Mesh Back Chair, Black;Furniture
Global Task Chair, Black;Furniture
The Vacationers;Livre / Book
Logitech Mobile Speakerphone P710e - speaker phone;IT / Technology
Razer Tiamat Over Ear 7.1 Surround Sound PC Gaming Headset;IT / Technology
Cardinal Holdit Data Disk Pockets;Office Supplies
Safco Chair Connectors, 6/Carton;Furniture
Logitech Illuminated Ultrathin Keyboard with Backlighting;IT / Technology
Belkin Numeric Keypad, Erganomic;IT / Technology
Office Star - Mesh Screen back chair with Vinyl seat;Furniture
Samsung Galaxy S4 Mini;IT / Technology
Wirebound Message Books, Two 4 1/4 x 5 Forms per Page;Office Supplies
Primes;Frais de personnel
Ibico 3-Hole Punch, Recycled;Office Supplies
Harbour Creations Swivel Stool, Red;Furniture
Barricks Coffee Table, with Bottom Storage;Furniture
Smead Shelving, Single Width;Office Supplies
Belkin Memory Card, Erganomic;IT / Technology
Cameo Manila Envelope, Security-Tint;Office Supplies
SanDisk Computer Printout Paper, Multicolor;Office Supplies
DIXON Ticonderoga Erasable Checking Pencils;Office Supplies
Space Solutions Commercial Steel Shelving;Office Supplies
Ames Color-File Green Diamond Border X-ray Mailers;Office Supplies
Fellowes Mighty 8 Compact Surge Protector;Office Supplies
Xerox 1926;Office Supplies
Office Star - Contemporary Swivel Chair with Padded Adjustable Arms and Flex Back;Furniture
Jabra Supreme Plus Driver Edition Headset;IT / Technology
Acco Pressboard Covers with Storage Hooks, 9 1/2 x 11, Executive Red;Office Supplies
Xerox 188;Office Supplies
Motorola Office Telephone, Cordless;IT / Technology
Acme Value Line Scissors;Office Supplies
Frais de dossier;Charges bancaires
OSullivan Plantations 2-Door Library in Landvery Oak;Furniture
Okidata Calculator, White;IT / Technology
Jackery Bar Premium Fast-charging Portable Charger;IT / Technology
Executive Impressions 14;Furniture
Stanley Bostitch Contemporary Electric Pencil Sharpeners;Office Supplies
Frais de dossier leasing;Charges bancaires
Feathers: Displays of Brilliant Plumage;Livre / Book
Tuff Stuff Recycled Round Ring Binders;Office Supplies
Dania Classic Bookcase, Traditional;Furniture
Déclaration URSSAF;Frais de personnel
Frais de dossier ouverture de compte entreprise;Charges bancaires
Acco Six-Outlet Power Strip, 4' Cord Length;Office Supplies
Harbour Creations Executive Leather Armchair, Adjustable;Furniture
Enermax Mouse, Bluetooth;IT / Technology
Souris gaming RGB;IT / Technology
Clarity 53712;IT / Technology
KLD Oscar II Style Snap-on Ultra Thin Side Flip Synthetic Leather Cover Case for HTC One HTC M7;IT / Technology
Rubbermaid Photo Frame, Duo Pack;Furniture
KeyTronic KT400U2 - Keyboard - Black;IT / Technology
indemnité kilométrique personnel;Frais de personnel
Hamilton Beach Refrigerator, Silver;Office Supplies
Tenex Clock, Durable;Furniture
The Elegant Universe: Superstrings, Hidden Dimensions, and the Quest for the Ultimate Theory;Livre / Book
Xerox Note Cards, Recycled;Office Supplies
Avery 473;Office Supplies
Novimex Turbo Task Chair;Furniture
Cyber Acoustics AC-202b Speech Recognition Stereo Headset;IT / Technology
Harbour Creations Steel Folding Chair, Adjustable;Furniture
WD My Passport Ultra 1TB Portable External Hard Drive;IT / Technology
Frais bancaires;Charges bancaires
Panasonic KX - TS880B Telephone;IT / Technology
Nokia Signal Booster, with Caller ID;IT / Technology
Écran 22 pouces LED;IT / Technology
Eldon Door Stop, Durable;Furniture
Blue Parrot B250XT Professional Grade Wireless Bluetooth Headset with;IT / Technology
DAX Wood Document Frame.;Furniture
congés payés provision;Frais de personnel
TRENDnet 56K USB 2.0 Phone, Internet and Fax Modem;IT / Technology
Eldon Door Stop, Erganomic;Furniture
Panasonic KP-380BK Classic Electric Pencil Sharpener;Office Supplies
Sharp Wireless Fax, High-Speed;IT / Technology
Barricks Wood Table, Fully Assembled;Furniture
Bevis Round Table, Rectangular;Furniture
Advantus Clock, Durable;Furniture
Frais de clôture de compte bancaire;Charges bancaires
Hoover Blender, Black;Office Supplies
Fellowes Bankers Box Staxonsteel Drawer File/Stacking System;Office Supplies
Safco 3-Shelf Cabinet, Metal;Furniture
Logitech G600 MMO Gaming Mouse;IT / Technology
AT&T 841000 Phone;IT / Technology
Dania 3-Shelf Cabinet, Metal;Furniture
Xerox 1931;Office Supplies
Prestations diverses nettoyage des locaux;Honoraires et prestations
Nortel Networks T7316 E Nt8 B27;IT / Technology
Deflect-O Photo Frame, Erganomic;Furniture
Acco Index Tab, Clear;Office Supplies
Enermax Flash Drive, Bluetooth;IT / Technology
Chèques déjeuner;Frais de personnel
Belkin F8E887 USB Wired Ergonomic Keyboard;IT / Technology
EBP;Logiciels / Licences
"Seth Thomas 14"" Putty-Colored Wall Clock";Furniture
Cisco SPA 501G IP Phone;IT / Technology
The Argonauts;Livre / Book
Martin Yale Chadless Opener Electric Letter Opener;Office Supplies
SanDisk Flash Drive, USB;IT / Technology
Eldon 200 Class Desk Accessories, Black;Furniture
formation professionnelle salarié;Frais de personnel
O'Sullivan Cherrywood Estates Traditional Barrister Bookcase;Furniture
Hon Removable Labels, Laser Printer Compatible;Office Supplies
Avery 514;Office Supplies
Electrix Incandescent Magnifying Lamp, Black;Furniture
Abonnement annuel AdGuardHome;Logiciels / Licences
Cameo Mailers, Set of 50;Office Supplies
Cardinal Binder, Recycled;Office Supplies
WD NY BLACK & OFF WHITE DRESS;Vêtements / Clothing
support technique externalisé;Honoraires et prestations
Sauder Corner Shelving, Metal;Furniture
Sortfiler Multipurpose Personal File Organizer, Black;Office Supplies
Tensor Brushed Steel Torchiere Floor Lamp;Furniture
Logitech 910-002974 M325 Wireless Mouse for Web Scrolling;IT / Technology
G.E. Halogen Desk Lamp Bulbs;Furniture
Recycled Eldon Regeneration Jumbo File;Office Supplies
Okidata MB491 Multifunction Printer;IT / Technology
Bevis Round Bullnose 29 High Table Top;Furniture
Hon Pagoda Stacking Chairs;Furniture
Samsung Smart Phone, with Caller ID;IT / Technology
Hon Coffee Table, Adjustable Height;Furniture
Avery 483;Office Supplies
Okidata B401 Printer;IT / Technology
Chromcraft Round Table, Fully Assembled;Furniture
Newell 323;Office Supplies
Advantus Push Pins, Aluminum Head;Office Supplies
Tennsco Lockers, Gray;Office Supplies
Cisco SPA525G2 5-Line IP Phone;IT / Technology
High-Back Leather Manager's Chair;Furniture
Panasonic KX TS208W Corded phone;IT / Technology
Global Push Button Managers Chair, Indigo;Furniture
Canon PC1060 Personal Laser Copier;IT / Technology
Wirebound Message Books, 2 7/8 x 5, 3 Forms per Page;Office Supplies
Strathmore #10 Envelopes, Ultimate White;Office Supplies
Cisco 8x8 Inc. 6753i IP Business Phone System;IT / Technology
Rubbermaid Door Stop, Durable;Furniture
remboursement frais personnel;Frais de personnel
Apple Speaker Phone, VoIP;IT / Technology
Westinghouse Mesh Shade Clip-On Gooseneck Lamp, Black;Furniture
Kleencut Letter Opener, Easy Grip;Office Supplies
SanDisk Ultra 32 GB MicroSDHC Class 10 Memory Card;IT / Technology
Ames Mailers, with clear poly window;Office Supplies
Eldon Image Series Desk Accessories, Ebony;Furniture
Hewlett Fax and Copier, Digital;IT / Technology
AT&T CL2909;IT / Technology
Snap-A-Way Black Print Carbonless Speed Message, No Reply Area, Duplicate;Office Supplies
Avery Durable Binders;Office Supplies
Xerox 1963;Office Supplies
Hewlett Wireless Fax, Color;IT / Technology
Avery Index Tab, Clear;Office Supplies
Memorex Router, Programmable;IT / Technology
Xerox 1927;Office Supplies
GBC Binding covers;Office Supplies
Avery 510;Office Supplies
Acme Elite Stainless Steel Scissors;Office Supplies
Konica Printer, Red;IT / Technology
Dania 3-Shelf Cabinet, Mobile;Furniture
Deflect-O Frame, Durable;Furniture
BIBA OUTLET Women Red Leggings;Vêtements / Clothing
Hon Metal Bookcases, Gray;Furniture
Stockwell Push Pins, Assorted Sizes;Office Supplies
LG G2;IT / Technology
Konica Minolta magicolor 1690MF Multifunction Printer;IT / Technology
Balt Solid Wood Rectangular Table;Furniture
Memorex 25GB 6X Branded Blu-Ray Recordable Disc, 30/Pack;IT / Technology
Kensington 6 Outlet MasterPiece HOMEOFFICE Power Control Center;Office Supplies
Tennsco Lockers, Gray;Office Supplies
Acco Binding Machine, Economy;Office Supplies
AT&T 1070 Corded Phone;IT / Technology
HP Ink, High-Speed;IT / Technology
Samsung Smart Phone, VoIP;IT / Technology
"Howard Miller 11-1/2"" Diameter Ridgewood Wall Clock";Furniture
Deflect-O Frame, Duo Pack;Furniture
Kensington Expert Mouse Optical USB Trackball for PC or Mac;IT / Technology
Eaton Cards & Envelopes, 8.5 x 11;Office Supplies
Stiletto Scissors, High Speed;Office Supplies
Eldon Light Bulb, Black;Furniture
Global Ergonomic Managers Chair;Furniture
Newell 323;Office Supplies
Samsung Audio Dock, Full Size;IT / Technology
Geographics Note Cards, Blank, White, 8 1/2 x 11;Office Supplies
Chromcraft Computer Table, Fully Assembled;Furniture
Xerox 225;Office Supplies
Global Ergonomic Managers Chair;Furniture
Hon Rocking Chair, Red;Furniture
Hoover Stove, Silver;Office Supplies
Stanley Canvas, Water Color;Office Supplies
Eaton Memo Slips, 8.5 x 11;Office Supplies
Apple EarPods with Remote and Mic;IT / Technology
Anker Ultrathin Bluetooth Wireless Keyboard Aluminum Cover with Stand;IT / Technology
Écran Samsung LED;IT / Technology
Manco Dry-Lighter Erasable Highlighter;Office Supplies
Bevis Wood Table, Rectangular;Furniture
Deflect-o DuraMat Lighweight, Studded, Beveled Mat for Low Pile Carpeting;Furniture
Avery 474;Office Supplies
Remboursement frais;Frais de personnel
Eldon Spacemaker Box, Quick-Snap Lid, Clear;Office Supplies
Fluorescent Highlighters by Dixon;Office Supplies
Binney & Smith inkTank Erasable Desk Highlighter, Chisel Tip, Yellow, 12/Box;Office Supplies
GE 4 Foot Flourescent Tube, 40 Watt;Furniture
Global Commerce Series Low-Back Swivel/Tilt Chairs;Furniture
Star Micronics TSP100 TSP143LAN Receipt Printer;IT / Technology
Logitech LS21 Speaker System - PC Multimedia - 2.1-CH - Wired;IT / Technology
retraite complémentaire personnel;Frais de personnel
Panasonic KX TS3282W Corded phone;IT / Technology
DAX Cubicle Frames, 8-1/2 x 11;Furniture
Eldon Antistatic Chair Mats for Low to Medium Pile Carpets;Furniture
DMI Eclipse Executive Suite Bookcases;Furniture
GBC DocuBind P100 Manual Binding Machine;Office Supplies
Imation Bio 2GB USB Flash Drive Imation Corp;IT / Technology
Bevis Wood Table, with Bottom Storage;Furniture
Office Star - Contemporary Swivel Chair with Padded Adjustable Arms and Flex Back;Furniture
Tops White Computer Printout Paper;Office Supplies
Fellowes Bankers Box Staxonsteel Drawer File/Stacking System;Office Supplies
Tripp Lite TLP810NET Broadband Surge for Modem/Fax;Office Supplies
Acco Economy Flexible Poly Round Ring Binder;Office Supplies
Avery 51;Office Supplies
Pyle PRT45 Retro Home Telephone;IT / Technology
Stanley Highlighters, Water Color;Office Supplies
Logitech LS21 Speaker System - PC Multimedia - 2.1-CH - Wired;IT / Technology
Hoover Microwave, White;Office Supplies
"Premium Transparent Presentation Covers, No Pattern/Clear, 8 1/2"" x 11""";Office Supplies
Ativa MDM8000 8-Sheet Micro-Cut Shredder;IT / Technology
Puma Men Black Helium Sports Sandals;Vêtements / Clothing
Abonnement logiciel de facturation en ligne;Logiciels / Licences
abondement employeur;Frais de personnel
Kraft Interoffice Envelope, Security-Tint;Office Supplies
Panasonic KX TS3282B Corded phone;IT / Technology
Hewlett-Packard Desktjet 6988DT Refurbished Printer;IT / Technology
Accohide Poly Flexible Ring Binders;Office Supplies
BIC Sketch Pad, Easy-Erase;Office Supplies
Chromcraft Wood Table, Rectangular;Furniture
Advantus Panel Wall Certificate Holder - 8.5x11;Furniture
complémentaire santé personnel;Frais de personnel
Fiskars Box Cutter, Steel;Office Supplies
Classic Ivory Antique Telephone ZL1810;IT / Technology
Xerox 1939;Office Supplies
Deflect-o DuraMat Antistatic Studded Beveled Mat for Medium Pile Carpeting;Furniture
IBM Multi-Purpose Copy Paper, 8 1/2 x 11, Case;Office Supplies
GBC DocuBind 300 Electric Binding Machine;Office Supplies
Rogers Profile Extra Capacity Storage Tub;Office Supplies
Riverside Furniture Stanwyck Manor Table Series;Furniture
Polycom VVX 310 VoIP phone;IT / Technology
Safco Floating Shelf Set, Mobile;Furniture
Safco Drafting Table;Furniture
O'Sullivan Manor Hill 2-Door Library in Brianna Oak;Furniture
Amante Mushroom Brown Full-Coverage Bra BCSB02;Vêtements / Clothing
Binney & Smith Crayola Metallic Crayons, 16-Color Pack;Office Supplies
Rubbermaid Stacking Tray, Black;Furniture
Crayola Colored Pencils;Office Supplies
avance sur salaire;Frais de personnel
Hoover Portapower Portable Vacuum;Office Supplies
Plantronics Single Ear Headset;IT / Technology
HP Fax Machine, Laser;IT / Technology
OSullivan 5-Shelf Heavy-Duty Bookcases;Furniture
Sony Micro Vault Click 16 GB USB 2.0 Flash Drive;IT / Technology
Bush Advantage Collection Round Conference Table;Furniture
Enermax Message Books, Multicolor;Office Supplies
Panasonic Phone, White;IT / Technology
SAFCO PlanMaster Boards, 60w x 37-1/2d, White Melamine;Furniture
Okidata Receipt Printer, Wireless;IT / Technology
Euro-Pro Shark Turbo Vacuum;Office Supplies
Harbour Creations Round Labels, 5000 Label Set;Office Supplies
TOPS 4 x 6 Fluorescent Color Memo Sheets, 500 Sheets per Pack;Office Supplies
Brother Ink, Color;IT / Technology
Brother Wireless Fax, Laser;IT / Technology
Xerox 1996;Office Supplies
Logitech Memory Card, USB;IT / Technology
Belkin Mouse, Bluetooth;IT / Technology
charges sociales trimestre;Frais de personnel
Holmes Replacement Filter for HEPA Air Cleaner, Large Room;Office Supplies
Memorex Mini Travel Drive 32 GB USB 2.0 Flash Drive;IT / Technology
Boston Home & Office Model 2000 Electric Pencil Sharpeners;Office Supplies
KeyTronic 6101 Series - Keyboard - Black;IT / Technology
Boston Pens, Fluorescent;Office Supplies
Advantus Panel Wall Certificate Holder - 8.5x11;Furniture
Abonnement Ansible;Logiciels / Licences
Hewlett Packard LaserJet 3310 Copier;IT / Technology
Office Star Steel Folding Chair, Adjustable;Furniture
Sauder Barrister Bookcases;Furniture
Office Star - Professional Matrix Back Chair with 2-to-1 Synchro Tilt and Mesh Fabric Seat;Furniture
Master Big Foot Doorstop, Beige;Furniture
Lesro Round Back Collection Coffee Table, End Table;Furniture
Stacking Tray, Side-Loading, Legal, Smoke;Furniture
Wilson Jones Heavy-Duty Casebound Ring Binders with Metal Hinges;Office Supplies
Advantus Panel Wall Acrylic Frame;Furniture
Stockwell Clamps, Bulk Pack;Office Supplies
Lesro Wood Table, Adjustable Height;Furniture
Barricks Non-Folding Utility Table with Steel Legs, Laminate Tops;Furniture
WD My Passport Ultra 2TB Portable External Hard Drive;IT / Technology
Nokia Lumia 1020;IT / Technology
Avery 512;Office Supplies
Écran 24 pouces IPS;IT / Technology
Ultra Door Pull Handle;Furniture
Epson Receipt Printer, Wireless;IT / Technology
Tenex Trays, Blue;Office Supplies
Bush Birmingham Collection Bookcase, Dark Cherry;Furniture
AT&T 17929 Lendline Telephone;IT / Technology
Hunt Boston Vacuum Mount KS Pencil Sharpener;Office Supplies
Canon Wireless Fax, High-Speed;IT / Technology
provision congés personnel;Frais de personnel
Bevis Computer Table, Fully Assembled;Furniture
Acme Tagit Stainless Steel Antibacterial Scissors;Office Supplies
Bush Westfield Collection Bookcases, Medium Cherry Finish;Furniture
Sharp Copy Machine, High-Speed;IT / Technology
SanDisk Ultra 64 GB MicroSDHC Class 10 Memory Card;IT / Technology
Hon Round Labels, Adjustable;Office Supplies
Eldon Cleatmat Chair Mats for Medium Pile Carpets;Furniture
Sony 64GB Class 10 Micro SDHC R40 Memory Card;IT / Technology
Services extérieurs;Honoraires et prestations
Carry On, Warrior: Thoughts on Life Unarmed;Livre / Book
Computer Room Manger, 14;Furniture
Linden 12 Wall Clock With Oak Frame;Furniture
Bush Classic Bookcase, Pine;Furniture
Self-Adhesive Ring Binder Labels;Office Supplies
High Speed Automatic Electric Letter Opener;Office Supplies
SanDisk Flash Drive, Bluetooth;IT / Technology
Memorex Mini Travel Drive 4 GB USB 2.0 Flash Drive;IT / Technology
Kleencut Scissors, Serrated;Office Supplies
Gestion de paie;Frais de personnel
G.E. Halogen Desk Lamp Bulbs;Furniture
Tenex 46 x 60 Computer Anti-Static Chairmat, Rectangular Shaped;Furniture
Boston Pencil Sharpener, Fluorescent;Office Supplies
Safco Classic Bookcase, Traditional;Furniture
36X48 HARDFLOOR CHAIRMAT;Furniture
Hewlett Fax Machine, Digital;IT / Technology
Stanley Sketch Pad, Water Color;Office Supplies
Rubbermaid Photo Frame, Durable;Furniture
DXL Angle-View Binders with Locking Rings by Samsill;Office Supplies
OIC Paper Clips, Bulk Pack;Office Supplies
Logitech G105 Gaming Keyboard;IT / Technology
"Howard Miller 11-1/2"" Diameter Brentwood Wall Clock";Furniture
Stiletto Ruler, High Speed;Office Supplies
DAX Natural Wood-Tone Poster Frame;Furniture
Kensington K72356US Mouse-in-a-Box USB Desktop Mouse;IT / Technology
audit cac annuel;Honoraires et prestations
Xerox 1923;Office Supplies
Avery 476;Office Supplies
Avery 507;Office Supplies
Novimex File Folder Labels, Adjustable;Office Supplies
Xerox 1975;Office Supplies
Lesro Wood Table, with Bottom Storage;Furniture
Hon Chairmat, Adjustable;Furniture
Lesro Coffee Table, Fully Assembled;Furniture
Geemarc AmpliPOWER60;IT / Technology
Ultra Commercial Grade Dual Valve Door Closer;Furniture
Frais de dossier constitution de dossier crédit;Charges bancaires
Wirebound Message Book, 4 per Page;Office Supplies
Newell 341;Office Supplies
Newell 313;Office Supplies
Balt Solid Wood Round Tables;Furniture
Balt Split Level Computer Training Table;Furniture
Bevis Oval Conference Table, Walnut;Furniture
GuestStacker Chair with Chrome Finish Legs;Furniture
Harbour Creations 67200 Series Stacking Chairs;Furniture
1/4 Fold Party Design Invitations & White Envelopes, 24 8-1/2 X 11 Cards, 25 Env./Pack;Office Supplies
Iris Project Case;Office Supplies
Sanford Prismacolor Professional Thick Lead Art Pencils, 36-Color Set;Office Supplies
Hon 4070 Series Pagoda Round Back Stacking Chairs;Furniture
Motorola Smart Phone, with Caller ID;IT / Technology
Bulletin de salaire;Frais de personnel
Proline Men Charcoal Tracksuit;Vêtements / Clothing
Atlantic Metals Mobile 5-Shelf Bookcases, Custom Colors;Furniture
Bush Westfield Collection Bookcases, Fully Assembled;Furniture
Samsung Speaker Phone, Full Size;IT / Technology
Red: The True Story of Red Riding Hood;Livre / Book
Southworth 100% Résumé Paper, 24lb.;Office Supplies
Sauder Library with Doors, Metal;Furniture
Avery Hanging File Binders;Office Supplies
Xerox 1996;Office Supplies
Maxell 4.7GB DVD-R 5/Pack;IT / Technology
Stackable Trays;Furniture
Rogers Folders, Blue;Office Supplies
Avery 503;Office Supplies
Eaton Note Cards, Multicolor;Office Supplies
Honoraires comptables révision comptable trimestrielle;Honoraires et prestations
TRENDnet 56K USB 2.0 Phone, Internet and Fax Modem;IT / Technology
BPI Conference Tables;Furniture
"Tenex 46"" x 60"" Computer Anti-Static Chairmat, Rectangular Shaped";Furniture
SAFCO Executive Leather Armchair, Adjustable;Furniture
déclaration is annuelle;Honoraires et prestations
Hand-Finished Solid Wood Document Frame;Furniture
3M Polarizing Task Lamp with Clamp Arm, Light Gray;Furniture
Memorex Mouse, Bluetooth;IT / Technology
Alliance Rubber Bands;Office Supplies
DAX Copper Panel Document Frame, 5 x 7 Size;Furniture
Boston Home & Office Model 2000 Electric Pencil Sharpeners;Office Supplies
Worlds Elsewhere: Journeys Around Shakespeareâs Globe;Livre / Book
Acco 6 Outlet Guardian Standard Surge Suppressor;Office Supplies
Samsung Signal Booster, VoIP;IT / Technology
Newell 316;Office Supplies
Colored Push Pins;Office Supplies
Xerox 208;Office Supplies
Ames Business Envelopes, Set of 50;Office Supplies
Avanti 1.7 Cu. Ft. Refrigerator;Office Supplies
Star Micronics TSP100 TSP143LAN Receipt Printer;IT / Technology
Hunt PowerHouse Electric Pencil Sharpener, Blue;Office Supplies
Fellowes Trays, Wire Frame;Office Supplies
Sanford Canvas, Easy-Erase;Office Supplies
White Dual Perf Computer Printout Paper, 2700 Sheets, 1 Part, Heavyweight, 20 lbs., 14 7/8 x 11;Office Supplies
Tenex Carpeted, Granite-Look or Clear Contemporary Contour Shape Chair Mats;Furniture
OIC Paper Clips, Metal;Office Supplies
Tensor Computer Mounted Lamp;Furniture
Aluminum Document Frame;Furniture
Advantus SlideClip Paper Clips;Office Supplies
GlobeWeis Interoffice Envelope, Security-Tint;Office Supplies
Puma Men Black Suede Archive Eco Shoes;Vêtements / Clothing
Immunity: How Elie Metchnikoff Changed the Course of Modern Medicine;Livre / Book
Electrix Incandescent Magnifying Lamp, Black;Furniture
Commission de prélèvement;Charges bancaires
Kingston Digital DataTraveler 8GB USB 2.0;IT / Technology
Mitel MiVoice 5330e IP Phone;IT / Technology
Sauder Forest Hills Library with Doors, Woodland Oak Finish;Furniture
Nortel Meridian M5316 Digital phone;IT / Technology
Eaton Parchment Paper, Multicolor;Office Supplies
Motorola L703CM;IT / Technology
Riverside Palais Royal Lawyers Bookcase, Royale Cherry Finish;Furniture
Acco Smartsocket Table Surge Protector, 6 Color-Coded Adapter Outlets;Office Supplies
Hewlett Fax Machine, Color;IT / Technology
HP Standard 104 key PS/2 Keyboard;IT / Technology
BOSTON Ranger #55 Pencil Sharpener, Black;Office Supplies
Hon File Folder Labels, 5000 Label Set;Office Supplies
salt.;Livre / Book
GlobeWeis Peel and Seal, with clear poly window;Office Supplies
14-7/8 x 11 Blue Bar Computer Printout Paper;Office Supplies
Acme Trimmer, Steel;Office Supplies
Bevis Computer Table, with Bottom Storage;Furniture
Stockwell Staples, Bulk Pack;Office Supplies
Office Star Bag Chairs, Red;Furniture
Novimex File Folder Labels, 5000 Label Set;Office Supplies
Xerox 1994;Office Supplies
Novimex Executive Leather Armchair, Black;Furniture
Polycom SoundStation2 EX Conference phone;IT / Technology
OIC Push Pins, Bulk Pack;Office Supplies
Space Solutions Industrial Galvanized Steel Shelving.;Office Supplies
Logitech Keyboard K120;IT / Technology
Apple Signal Booster, Cordless;IT / Technology
Bagged Rubber Bands;Office Supplies
Sauder Forest Hills Library with Doors, Woodland Oak Finish;Furniture
Maintenance et support Aegis Authenticator;Logiciels / Licences
Artistic Insta-Plaque;Furniture
Hon Steel Folding Chair, Adjustable;Furniture
Hon Metal Bookcases, Gray;Furniture
Vinyl Sectional Post Binders;Office Supplies
Canon Color ImageCLASS MF8580Cdw Wireless Laser All-In-One Printer, Copier, Scanner;IT / Technology
Xerox 1946;Office Supplies
Safco Industrial Wire Shelving System;Office Supplies
Nokia Lumia 925;IT / Technology
Memorex Keyboard, Bluetooth;IT / Technology
Pyle PMP37LED;IT / Technology
Staple holder;Office Supplies
Global Enterprise Series Seating High-Back Swivel/Tilt Chairs;Furniture
GE General Purpose, Extra Long Life, Showcase & Floodlight Incandescent Bulbs;Furniture
Hoover Stove, Red;Office Supplies
Traitement de paie;Frais de personnel
Memorex Mini Travel Drive 8 GB USB 2.0 Flash Drive;IT / Technology
Logitech Numeric Keypad, Bluetooth;IT / Technology
Executive Impressions 13 Chairman Wall Clock;Furniture
Fiskars Box Cutter, High Speed;Office Supplies
Apple Speaker Phone, with Caller ID;IT / Technology
Avaya 5420 Digital phone;IT / Technology
Harbour Creations Legal Exhibit Labels, Laser Printer Compatible;Office Supplies
Tenex Door Stop, Durable;Furniture
Konica Printer, Durable;IT / Technology
Safco 3-Shelf Cabinet, Mobile;Furniture
Cisco Headset, Full Size;IT / Technology
Bush Corner Shelving, Metal;Furniture
Gucci Shoes Blue Size L;Vêtements / Clothing
Bush Cubix Collection Bookcases, Fully Assembled;Furniture
Eldon Frame, Durable;Furniture
Motorola Droid Maxx;IT / Technology
SAFCO Bag Chairs, Adjustable;Furniture
Xerox 221;Office Supplies
Brother Copy Machine, High-Speed;IT / Technology
Eldon Expressions Mahogany Wood Desk Collection;Furniture
Avery 49;Office Supplies
Xerox 1976;Office Supplies
OtterBox Commuter Series Case - iPhone 5 & 5s;IT / Technology
Logitech Router, USB;IT / Technology
Riverside Furniture Oval Coffee Table, Oval End Table, End Table with Drawer;Furniture
Cardinal Binder Covers, Economy;Office Supplies
DAX Natural Wood-Tone Poster Frame;Furniture
Memorex Mouse, USB;IT / Technology
Xerox 1899;Office Supplies
Boston Markers, Fluorescent;Office Supplies
Sauder Mission Library with Doors, Fruitwood Finish;Furniture
Sharp Fax and Copier, High-Speed;IT / Technology
Hon 5100 Series Wood Tables;Furniture
Sauder Cornerstone Collection Library;Furniture
Advantus Light Bulb, Black;Furniture
DMI Arturo Collection Mission-style Design Wood Chair;Furniture
Belkin Router, USB;IT / Technology
Coloredge Poster Frame;Furniture
Xerox Blank Computer Paper;Office Supplies
GBC DocuBind P50 Personal Binding Machine;Office Supplies
Sauder Stackable Bookrack, Mobile;Furniture
SanDisk Cruzer 64 GB USB Flash Drive;IT / Technology
Fellowes Folders, Industrial;Office Supplies
Acco D-Ring Binder w/DublLock;Office Supplies
"Ultra Door Kickplate, 8""H x 34""W";Furniture
Motorola Audio Dock, VoIP;IT / Technology
X-Rack File for Hanging Folders;Office Supplies
Avery 493;Office Supplies
Hon Chairmat, Set of Two;Furniture
SanDisk Memory Card, USB;IT / Technology
Dania Classic Bookcase, Pine;Furniture
Hoover Coffee Grinder, Red;Office Supplies
Poems That Make Grown Women Cry;Livre / Book
"Barricks 18"" x 48"" Non-Folding Utility Table with Bottom Storage Shelf";Furniture
Bretford CR8500 Series Meeting Room Furniture;Furniture
HP Personal Copier, Laser;IT / Technology
Vtech CS6719;IT / Technology
Polycom CX600 IP Phone VoIP phone;IT / Technology
Wirebound Message Books, Four 2 3/4 x 5 White Forms per Page;Office Supplies
iOttie HLCRIO102 Car Mount;IT / Technology
Tenex Stacking Tray, Erganomic;Furniture
Eaton Cards & Envelopes, Recycled;Office Supplies
"Chromcraft Bull-Nose Wood 48"" x 96"" Rectangular Conference Tables";Furniture
Hon Legal Exhibit Labels, Laser Printer Compatible;Office Supplies
Elite Letter Opener, High Speed;Office Supplies
Xerox 1995;Office Supplies
Jealous 21 Women Stripes Black Tops;Vêtements / Clothing
Avery Hi-Liter Pen Style Six-Color Fluorescent Set;Office Supplies
Frais de virement international;Charges bancaires
Park Ridge Embossed Executive Business Envelopes;Office Supplies
Hon Multipurpose Stacking Arm Chairs;Furniture
Frais administratifs dossier;Charges bancaires
SAFCO Folding Chair Trolley;Furniture
Howard Miller 11-1/2 Diameter Brentwood Wall Clock;Furniture
Rogers Handheld Barrel Pencil Sharpener;Office Supplies
Cardinal Binder Covers, Clear;Office Supplies
Eaton Parchment Paper, Premium;Office Supplies
Wilson Jones Active Use Binders;Office Supplies
HP Fax Machine, High-Speed;IT / Technology
Nokia Signal Booster, VoIP;IT / Technology
Acme Box Cutter Scissors;Office Supplies
Fiche de salaire;Frais de personnel
Contemporary Borderless Frame;Furniture
Dana Halogen Swing-Arm Architect Lamp;Furniture
Ibico Index Tab, Economy;Office Supplies
Harbour Creations Bag Chairs, Black;Furniture
The Raven King (The Raven Cycle #4);Livre / Book
Holmes Cool Mist Humidifier for the Whole House with 8-Gallon Output per Day, Extended Life Filter;Office Supplies
Lexmark S315 Color Inkjet Printer;IT / Technology
Sharp Copy Machine, Laser;IT / Technology
Cuisinart Stove, Black;Office Supplies
Verbatim 25 GB 6x Blu-ray Single Layer Recordable Disc, 3/Pack;IT / Technology
Logitech VX Revolution Cordless Laser Mouse for Notebooks (Black);IT / Technology
"#10- 4 1/8"" x 9 1/2"" Recycled Envelopes";Office Supplies
Hoover Stove, Black;Office Supplies
Tensor Computer Mounted Lamp;Furniture
Panasonic KX T7731-B Digital phone;IT / Technology
Holmes Harmony HEPA Air Purifier for 17 x 20 Room;Office Supplies
Acco Economy Flexible Poly Round Ring Binder;Office Supplies
Xerox 1988;Office Supplies
Kraft Peel and Seal, with clear poly window;Office Supplies
Acme Ruler, High Speed;Office Supplies
AT&T TR1909W;IT / Technology
Epson Card Printer, Durable;IT / Technology
Avery 50;Office Supplies
Star Micronics TSP800 TSP847IIU Receipt Printer;IT / Technology
Xerox 1884;Office Supplies
Logitech G430 Surround Sound Gaming Headset with Dolby 7.1 Technology;IT / Technology
Licence Afrikalan;Logiciels / Licences
Hon Rocking Chair, Black;Furniture
Memorex 25GB 6X Branded Blu-Ray Recordable Disc, 15/Pack;IT / Technology
Tenex Light Bulb, Erganomic;Furniture
Prestations diverses archivage et destruction documents;Honoraires et prestations
Indemnités;Frais de personnel
Xerox 1891;Office Supplies
Stage;Honoraires et prestations
Eldon Expressions Wood and Plastic Desk Accessories, Oak;Furniture
Nokia Smart Phone, Cordless;IT / Technology
SAFCO PlanMaster Heigh-Adjustable Drafting Table Base, 43w x 30d x 30-37h, Black;Furniture
Boston 1827 Commercial Additional Cutter, Drive Gear & Gear Rack for 1606;Office Supplies
Hon 30 x 60 Table with Locking Drawer;Furniture
Enermax Cards & Envelopes, Premium;Office Supplies
Samsung Headset, Cordless;IT / Technology
AT&T CL2909;IT / Technology
Sauder Camden County Collection Libraries, Planked Cherry Finish;Furniture
"Office Impressions End Table, 20-1/2""H x 24""W x 20""D";Furniture
Luxo Economy Swing Arm Lamp;Furniture
Bady BDG101FRU Card Printer;IT / Technology
Razer Tiamat Over Ear 7.1 Surround Sound PC Gaming Headset;IT / Technology
Wilson Electronics DB Pro Signal Booster;IT / Technology
Hand-Finished Solid Wood Document Frame;Furniture
SanDisk Keyboard, Bluetooth;IT / Technology
Newell 349;Office Supplies
Panasonic Printer, White;IT / Technology
First Data TMFD35 PIN Pad;IT / Technology
Toshiba IPT2010-SD IP Telephone;IT / Technology
Advantus Door Stop, Black;Furniture
Eldon Wave Desk Accessories;Furniture
GBC Recycled Regency Composition Covers;Office Supplies
AmazonBasics 3-Button USB Wired Mouse;IT / Technology
Advantus Panel Wall Acrylic Frame;Furniture
Shocksock Galaxy S4 Armband;IT / Technology
Tennsco 6- and 18-Compartment Lockers;Office Supplies
Panasonic KX T7736-B Digital phone;IT / Technology
Logitech Media Keyboard K200;IT / Technology
Harbour Creations Round Labels, Laser Printer Compatible;Office Supplies
Iceberg OfficeWorks 42 Round Tables;Furniture
Stockwell Thumb Tacks, 12 Pack;Office Supplies
Round Specialty Laser Printer Labels;Office Supplies
Spiral Phone Message Books with Labels by Adams;Office Supplies
Quartet Omega Colored Chalk, 12/Pack;Office Supplies
HP Copy Machine, Laser;IT / Technology
Star Micronics TSP800 TSP847IIU Receipt Printer;IT / Technology
Ikea 3-Shelf Cabinet, Pine;Furniture
Bush Advantage Collection Round Conference Table;Furniture
OIC Binder Clips;Office Supplies
Logitech Router, Programmable;IT / Technology
Harbour Creations Color Coded Labels, 5000 Label Set;Office Supplies
Eldon 500 Class Desk Accessories;Furniture
Kraft Manila Envelope, Recycled;Office Supplies
Kensington K72356US Mouse-in-a-Box USB Desktop Mouse;IT / Technology
Binney & Smith Crayola Metallic Colored Pencils, 8-Color Set;Office Supplies
Stacking Tray, Side-Loading, Legal, Smoke;Furniture
Global Comet Stacking Armless Chair;Furniture
Logitech MX Performance Wireless Mouse;IT / Technology
Memorex Memory Card, USB;IT / Technology
Wilson Jones Suede Grain Vinyl Binders;Office Supplies
Hon Chairmat, Black;Furniture
Memorex Micro Travel Drive 4 GB;IT / Technology
Frais de dossier traitement dossier leasing;Charges bancaires
Avery 3 1/2 Diskette Storage Pages, 10/Pack;Office Supplies
Commission de tenue de compte;Charges bancaires
Color-Coded Legal Exhibit Labels;Office Supplies
GBC DocuBind TL300 Electric Binding System;Office Supplies
BIC Brite Liner Grip Highlighters;Office Supplies
Hewlett Personal Copier, High-Speed;IT / Technology
Stacking Trays by OIC;Furniture
Ooma Telo VoIP Home Phone System;IT / Technology
Acme Trimmer, Serrated;Office Supplies
Barricks Computer Table, with Bottom Storage;Furniture
Staple-based wall hangings;Furniture
Hon Round Table, with Bottom Storage;Furniture
Xerox 1939;Office Supplies
Safco Value Mate Steel Bookcase, Baked Enamel Finish on Steel, Black;Furniture
Eldon Cleatmat Plus Chair Mats for High Pile Carpets;Furniture
StarTech Phone, Wireless;IT / Technology
Hon 4-Shelf Metal Bookcases;Furniture
Deflect-o DuraMat Lighweight, Studded, Beveled Mat for Low Pile Carpeting;Furniture
Boston Highlighters, Easy-Erase;Office Supplies
Permanent Self-Adhesive File Folder Labels for Typewriters, 1 1/8 x 3 1/2, White;Office Supplies
Bretford CR8500 Series Meeting Room Furniture;Furniture
honoraires huissier acte;Honoraires et prestations
BIC Pens, Fluorescent;Office Supplies
Canon Image Class D660 Copier;IT / Technology
HP Fax Machine, Color;IT / Technology
"Rediform Wirebound ""Phone Memo"" Message Book, 11 x 5-3/4";Office Supplies
Plantronics Savi W720 Multi-Device Wireless Headset System;IT / Technology
Epson Perfection V600 Photo Scanner;IT / Technology
Canon PC-428 Personal Copier;IT / Technology
Belkin Router, Programmable;IT / Technology
Commission de caution;Charges bancaires
O'Sullivan Living Dimensions 2-Shelf Bookcases;Furniture
ACCOHIDE Binder by Acco;Office Supplies
Fellowes Shelving, Wire Frame;Office Supplies
Harbour Creations Steel Folding Chair;Furniture
Apple iPhone 5C;IT / Technology
StarTech Inkjet, White;IT / Technology
Bevis Wood Table, Adjustable Height;Furniture
DAX Solid Wood Frames;Furniture
assistance fiscale dossier;Honoraires et prestations
Fellowes PB500 Electric Punch Plastic Comb Binding Machine with Manual Bind;Office Supplies
Chromcraft Computer Table, with Bottom Storage;Furniture
Chromcraft Training Table, with Bottom Storage;Furniture
Newell 345;Office Supplies
Fellowes Personal Hanging Folder Files, Navy;Office Supplies
SAFCO Steel Folding Chair, Black;Furniture
SanDisk Cruzer 8 GB USB Flash Drive;IT / Technology
Brother Wireless Fax, Color;IT / Technology
AT&T EL51110 DECT;IT / Technology
Clear Mylar Reinforcing Strips;Office Supplies
GBC Laser Imprintable Binding System Covers, Desert Sand;Office Supplies
Logitech B530 USB Headset - headset - Full size, Binaural;IT / Technology
Belkin Mouse, USB;IT / Technology
"Eldon ""L"" Workstation Diamond Chairmat";Furniture
Hon Steel Folding Chair, Set of Two;Furniture
Rubbermaid Clock, Erganomic;Furniture
Sauder Inglewood Library Bookcases;Furniture
Extrait de compte;Charges bancaires
Canon Copy Machine, Color;IT / Technology
Hewlett-Packard Deskjet F4180 All-in-One Color Ink-jet - Printer / copier / scanner;IT / Technology
RCA ViSYS 25423RE1 Corded phone;IT / Technology
Office Star - Professional Matrix Back Chair with 2-to-1 Synchro Tilt and Mesh Fabric Seat;Furniture
HP Fax and Copier, High-Speed;IT / Technology
Canon Personal Copier, High-Speed;IT / Technology
Office Star Bag Chairs, Adjustable;Furniture
Nokia Signal Booster, Cordless;IT / Technology
Adtran 1202752G1;IT / Technology
Riverside Palais Royal Lawyers Bookcase, Royale Cherry Finish;Furniture
Westinghouse Floor Lamp with Metal Mesh Shade, Black;Furniture
SAFCO Chairmat, Set of Two;Furniture
3D Systems Cube Printer, 2nd Generation, Magenta;IT / Technology
Rogers File Cart, Industrial;Office Supplies
SAFCO Executive Leather Armchair, Black;Furniture
Xerox 1967;Office Supplies
prestation recrutement cabinet;Honoraires et prestations
"Eldon Delta Triangular Chair Mat, 52"" x 58"", Clear";Furniture
Hewlett Copy Machine, Laser;IT / Technology
Sterilite Officeware Hinged File Box;Office Supplies
Logitech Wireless Touch Keyboard K400;IT / Technology
Deflect-O Stacking Tray, Durable;Furniture
Belkin 5 Outlet SurgeMaster Power Centers;Office Supplies
Xerox 211;Office Supplies
Belkin Memory Card, USB;IT / Technology
netTALK DUO VoIP Telephone Service;IT / Technology
OSullivan 3-Shelf Heavy-Duty Bookcases;Furniture
SanDisk Keyboard, Programmable;IT / Technology
Cisco SPA525G2 IP Phone - Wireless;IT / Technology
Holmes 99% HEPA Air Purifier;Office Supplies
Brother Wireless Fax, High-Speed;IT / Technology
Sanford Highlighters, Fluorescent;Office Supplies
Raspberry Pi Electronics Projects for the Evil Genius;Livre / Book
Plantronics Savi W720 Multi-Device Wireless Headset System;IT / Technology
Hon Shipping Labels, Adjustable;Office Supplies
SAFCO Bag Chairs, Red;Furniture
Logitech Gaming G510s - Keyboard;IT / Technology
Belkin F9H710-06 7 Outlet SurgeMaster Surge Protector;Office Supplies
Hon Wood Table, Rectangular;Furniture
Disposable Triple-Filter Dust Bags;Office Supplies
"Computer Room Manger, 14""";Furniture
établissement liasse fiscale;Honoraires et prestations
Avery Heavy-Duty EZD  Binder With Locking Rings;Office Supplies
Global Leather & Oak Executive Chair, Burgundy;Furniture
Cisco SPA508G;IT / Technology
OIC Rubber Bands, Bulk Pack;Office Supplies
Mutuelle;Frais de personnel
Ibico Binder Covers, Recycled;Office Supplies
Frais de visite médicale du travail;Frais de personnel
Swingline SM12-08 MicroCut Jam Free Shredder;IT / Technology
Cisco Smart Phone, Cordless;IT / Technology
Executive Impressions 16-1/2 Circular Wall Clock;Furniture
Howard Miller 11-1/2 Diameter Ridgewood Wall Clock;Furniture
Panasonic Inkjet, Red;IT / Technology
Newell 32;Office Supplies
StarTech Inkjet, Durable;IT / Technology
Clearsounds A400;IT / Technology
Safco Contoured Stacking Chairs;Furniture
Chromcraft Training Table, Rectangular;Furniture
Iceberg Mobile Mega Data/Printer Cart;Office Supplies
Deflect-O Door Stop, Durable;Furniture
Hon Round Table, Rectangular;Furniture
Frais de départ;Charges bancaires
Moniteur gaming 144Hz;IT / Technology
Harbour Creations Chairmat, Red;Furniture
Logitech MX Performance Wireless Mouse;IT / Technology
Ikea Stackable Bookrack, Traditional;Furniture
cotisations patronales urssaf;Frais de personnel
Relevé de compte;Charges bancaires
Nu-Dell Executive Frame;Furniture
Samsung Galaxy Note 2;IT / Technology
Deflect-O Glasstique Clear Desk Accessories;Furniture
Atlantic Metals Mobile 2-Shelf Bookcases, Custom Colors;Furniture
Sharp Fax Machine, High-Speed;IT / Technology
Deflect-o SuperTray Unbreakable Stackable Tray, Letter, Black;Furniture
Breville Refrigerator, White;Office Supplies
Cyber Acoustics AC-202b Speech Recognition Stereo Headset;IT / Technology
GE 4 Foot Flourescent Tube, 40 Watt;Furniture
Novimex Swivel Fabric Task Chair;Furniture
Peel & Stick Add-On Corner Pockets;Office Supplies
Euro-Pro Shark Turbo Vacuum;Office Supplies
Maxell 4.7GB DVD+RW 3/Pack;IT / Technology
Lesro Conference Table, Rectangular;Furniture
Xerox 1990;Office Supplies
Pyle PMP37LED;IT / Technology
Xerox 205;Office Supplies
Memorex Router, Erganomic;IT / Technology
SanDisk Cruzer 4 GB USB Flash Drive;IT / Technology
Global Leather and Oak Executive Chair, Black;Furniture
Harbour Creations Rocking Chair, Black;Furniture
Novimex Bag Chairs, Set of Two;Furniture
Bush Mission Pointe Library;Furniture
Okidata Phone, Wireless;IT / Technology
Global Deluxe Stacking Chair, Gray;Furniture
Motorola Moto X;IT / Technology
Rubbermaid Stacking Tray, Durable;Furniture
Logitech Keyboard, Bluetooth;IT / Technology
Boston KS Multi-Size Manual Pencil Sharpener;Office Supplies
Novimex Swivel Fabric Task Chair;Furniture
StarTech Card Printer, Durable;IT / Technology
Motorola Signal Booster, Full Size;IT / Technology
Wilson Jones Four-Pocket Poly Binders;Office Supplies
"Xerox Color Copier Paper, 11"" x 17"", Ream";Office Supplies
Zipper Ring Binder Pockets;Office Supplies
Moniteur Dell 24;IT / Technology
Eldon Advantage Foldable Chair Mats for Low Pile Carpets;Furniture
Office Star - Ergonomically Designed Knee Chair;Furniture
Brother MFC-9340CDW LED All-In-One Printer, Copier Scanner;IT / Technology
Fellowes Black Plastic Comb Bindings;Office Supplies
Maxell LTO Ultrium - 800 GB;IT / Technology
SAFCO Optional Arm Kit for Workspace Cribbage Stacking Chair;Furniture
Acme Kleen Earth Office Shears;Office Supplies
Lowriders to the Center of the Earth (Lowriders in Space #2);Livre / Book
Xerox 1898;Office Supplies
Global Leather & Oak Executive Chair, Burgundy;Furniture
4009 Highlighters by Sanford;Office Supplies
The Secret Garden;Livre / Book
Epson Inkjet, Durable;IT / Technology
Hon Comfortask Task/Swivel Chairs;Furniture
Avery 4027 File Folder Labels for Dot Matrix Printers, 5000 Labels per Box, White;Office Supplies
Cisco SPA525G2 5-Line IP Phone;IT / Technology
Samsung Office Telephone, VoIP;IT / Technology
Boston Canvas, Blue;Office Supplies
Safco Value Mate Series Steel Bookcases, Baked Enamel Finish on Steel, Gray;Furniture
Eldon Lockers, Wire Frame;Office Supplies
OSullivan Living Dimensions 3-Shelf Bookcases;Furniture
UniKeep View Case Binders;Office Supplies
Eldon Econocleat Chair Mats for Low Pile Carpets;Furniture
Cisco Audio Dock, with Caller ID;IT / Technology
Avaya 4621SW VoIP phone;IT / Technology
expertise comptable dossier;Honoraires et prestations
Gucci Sweater Yellow Size S;Vêtements / Clothing
Bevis Round Conference Table Top & Single Column Base;Furniture
Pressboard Data Binder, Crimson, 12 X 8 1/2;Office Supplies
DAX Clear Channel Poster Frame;Furniture
Samsung Galaxy Mega 6.3;IT / Technology
StarTech Receipt Printer, Durable;IT / Technology
Weyerhaeuser First Choice Laser/Copy Paper (20Lb. and 88 Bright);Office Supplies
Avery 481;Office Supplies
Harbour Creations Round Labels, Adjustable;Office Supplies
Xerox 1934;Office Supplies
Nokia Lumia 521 (T-Mobile);IT / Technology
Gould Plastics 9-Pocket Panel Bin, 18-3/8w x 5-1/4d x 20-1/2h, Black;Office Supplies
"Tenex Traditional Chairmats for Hard Floors, Average Lip, 36"" x 48""";Furniture
Apple Audio Dock, Cordless;IT / Technology
ACCOHIDE 3-Ring Binder, Blue, 1;Office Supplies
invisibleSHIELD by ZAGG Smudge-Free Screen Protector;IT / Technology
Belkin Mouse, Erganomic;IT / Technology
Sanford Highlighters, Blue;Office Supplies
Epson Receipt Printer, Durable;IT / Technology
Binney & Smith inkTank Erasable Desk Highlighter, Chisel Tip, Yellow, 12/Box;Office Supplies
"""While you Were Out"" Message Book, One Form per Page";Office Supplies
Ibico Binding Machine, Economy;Office Supplies
Memorex Flash Drive, Erganomic;IT / Technology
SAFCO Arco Folding Chair;Furniture
Samsung Galaxy S4;IT / Technology
Belkin F9M820V08 8 Outlet Surge;Office Supplies
Eldon Image Series Black Desk Accessories;Furniture
Sony Micro Vault Click 4 GB USB 2.0 Flash Drive;IT / Technology
Kill 'Em and Leave: Searching for James Brown and the American Soul;Livre / Book
Deluxe Chalkboard Eraser Cleaner;Office Supplies
StarTech Calculator, Wireless;IT / Technology
Imation 30456 USB Flash Drive 8GB;IT / Technology
Memorex Mouse, Erganomic;IT / Technology
Xerox 1935;Office Supplies
Hon 4070 Series Pagoda Armless Upholstered Stacking Chairs;Furniture
OIC Paper Clips, 12 Pack;Office Supplies
Chromcraft Round Conference Tables;Furniture
Fellowes PB200 Plastic Comb Binding Machine;Office Supplies
Eldon Radial Chair Mat for Low to Medium Pile Carpets;Furniture
Leather Task Chair, Black;Furniture
The Midnight Watch: A Novel of the Titanic and the Californian;Livre / Book
Executive Impressions Supervisor Wall Clock;Furniture
Ultra Door Pull Handle;Furniture
Acme Preferred Stainless Steel Scissors;Office Supplies
Model L Table or Wall-Mount Pencil Sharpener;Office Supplies
Canon Wireless Fax, Digital;IT / Technology
DIXON Ticonderoga Erasable Checking Pencils;Office Supplies
Wilson Jones Hole Reinforcements, Durable;Office Supplies
Sharp Fax Machine, Laser;IT / Technology
Cardinal Slant-D Ring Binders;Office Supplies
Space Solutions HD Industrial Steel Shelving.;Office Supplies
Commission de garantie bancaire;Charges bancaires
HP Fax and Copier, Digital;IT / Technology
The Wicked + The Divine, Vol. 3: Commercial Suicide (The Wicked + The Divine);Livre / Book
Safco Floating Shelf Set, Metal;Furniture
Cardinal Binder Covers, Durable;Office Supplies
DAX Black Cherry Wood-Tone Poster Frame;Furniture
SanDisk Message Books, Multicolor;Office Supplies
Chromcraft Coffee Table, Rectangular;Furniture
GlobeWeis Clasp Envelope, Recycled;Office Supplies
Avery 490;Office Supplies
Okidata MB491 Multifunction Printer;IT / Technology
prestation audit interne;Honoraires et prestations
Wasp CCD Handheld Bar Code Reader;IT / Technology
Xerox 1955;Office Supplies
Sensible Storage WireTech Storage Systems;Office Supplies
Apple iPhone 5;IT / Technology
Ikea Classic Bookcase, Metal;Furniture
Angle-D Binders with Locking Rings, Label Holders;Office Supplies
Xerox 228;Office Supplies
Binney & Smith Pens, Water Color;Office Supplies
GBC Ibimaster 500 Manual ProClick Binding System;Office Supplies
Epson Inkjet, White;IT / Technology
DAX Metal Frame, Desktop, Stepped-Edge;Furniture
Rubbermaid ClusterMat Chairmats, Mat Size- 66 x 60, Lip 20 x 11 -90 Degree Angle;Furniture
Smead Shelving, Blue;Office Supplies
Clavier Bluetooth rechargeable;IT / Technology
Fellowes Trays, Single Width;Office Supplies
Belkin iPhone and iPad Lightning Cable;IT / Technology
Charges sociales;Frais de personnel
Honeywell Enviracaire Portable Air Cleaner for up to 8 x 10 Room;Office Supplies
Avaya 5420 Digital phone;IT / Technology
OIC #2 Pencils, Medium Soft;Office Supplies
#10 White Business Envelopes,4 1/8 x 9 1/2;Office Supplies
Green Bar Computer Printout Paper;Office Supplies
Ames Mailers, Security-Tint;Office Supplies
Rubbermaid Door Stop, Erganomic;Furniture
Jockey CSM Men Comfort Stretch Charcoal Trunks CS04;Vêtements / Clothing
Dania Floating Shelf Set, Pine;Furniture
Green Bar Cards & Envelopes, Premium;Office Supplies
Sauder 3-Shelf Cabinet, Pine;Furniture
Desktop 3-Pocket Hot File;Office Supplies
iOttie HLCRIO102 Car Mount;IT / Technology
Apple Signal Booster, with Caller ID;IT / Technology
Avaya 5410 Digital phone;IT / Technology
Avaya IP Phone 1140E VoIP phone;IT / Technology
Zebra GX420t Direct Thermal/Thermal Transfer Printer;IT / Technology
Stockwell Rubber Bands, Assorted Sizes;Office Supplies
Imation 32GB Pocket Pro USB 3.0 Flash Drive - 32 GB - Black - 1 P ...;IT / Technology
Eldon Clock, Erganomic;Furniture
Ikea Classic Bookcase, Traditional;Furniture
Hewlett-Packard Deskjet 6540 Color Inkjet Printer;IT / Technology
Xerox 1938;Office Supplies
StarTech Card Printer, Red;IT / Technology
Master Caster Door Stop, Large Neon Orange;Furniture
SAFCO Bag Chairs, Set of Two;Furniture
AT&T 1080 Corded phone;IT / Technology
Hon Olson Stacker Stools;Furniture
Tenex Carpeted, Granite-Look or Clear Contemporary Contour Shape Chair Mats;Furniture
Bravo II Megaboss 12-Amp Hard Body Upright, Replacement Belts, 2 Belts per Pack;Office Supplies
DYMO CardScan Personal V9 Business Card Scanner;IT / Technology
Hon Wood Table, Adjustable Height;Furniture
Xerox 1974;Office Supplies
Holmes Replacement Filter for HEPA Air Cleaner, Medium Room;Office Supplies
The Hobbit (Middle-Earth Universe);Livre / Book
Cameo Manila Envelope, Set of 50;Office Supplies
Novimex Rocking Chair, Adjustable;Furniture
C-Line Peel & Stick Add-On Filing Pockets, 8-3/4 x 5-1/8, 10/Pack;Office Supplies
Lexmark MarkNet N8150 Wireless Print Server;IT / Technology
Safco Library with Doors, Mobile;Furniture
Lock-Up Easel 'Spel-Binder';Office Supplies
Letter Size Cart;Office Supplies
C-Line Magnetic Cubicle Keepers, Clear Polypropylene;Furniture
Frais de dossier crédit;Charges bancaires
Motorola L804;IT / Technology
Xerox 4200 Series MultiUse Premium Copy Paper (20Lb. and 84 Bright);Office Supplies
#10 Gummed Flap White Envelopes, 100/Box;Office Supplies
Tenex File Box, Personal Filing Tote with Lid, Black;Office Supplies
GBC Prestige Therm-A-Bind Covers;Office Supplies
Cisco CP-7937G Unified IP Conference Station Phone;IT / Technology
Plantronics Calisto P620-M USB Wireless Speakerphone System;IT / Technology
BIC Brite Liner Highlighters;Office Supplies
Geemarc AmpliPOWER60;IT / Technology
Global Leather and Oak Executive Chair, Black;Furniture
LG G3;IT / Technology
Advantus Light Bulb, Erganomic;Furniture
Memorex Numeric Keypad, Bluetooth;IT / Technology
Avery Binder, Economy;Office Supplies
Newell 33;Office Supplies
Avery 515;Office Supplies
Unpadded Memo Slips;Office Supplies
Eldon 400 Class Desk Accessories, Black Carbon;Furniture
Security-Tint Envelopes;Office Supplies
Canon PC-428 Personal Copier;IT / Technology
Okidata Card Printer, Durable;IT / Technology
Luxo Professional Magnifying Clamp-On Fluorescent Lamps;Furniture
honoraires comptable mensuel;Honoraires et prestations
Advantus Thumb Tacks, Assorted Sizes;Office Supplies
Hoover Coffee Grinder, White;Office Supplies
Cuisinart Toaster, Black;Office Supplies
Dana Fluorescent Magnifying Lamp, White,36;Furniture
Lunatik TT5L-002 Taktik Strike Impact Protection System for iPhone 5;IT / Technology
Commission d’encaissement carte bancaire;Charges bancaires
Fiche de paie;Frais de personnel
Hon Steel Folding Chair, Red;Furniture
Xerox 1889;Office Supplies
BIC Canvas, Fluorescent;Office Supplies
Lesro Sheffield Collection Coffee Table, End Table, Center Table, Corner Table;Furniture
Bush Stackable Bookrack, Traditional;Furniture
Hon Training Table, Rectangular;Furniture
Canon PC940 Copier;IT / Technology
Contemporary Borderless Frame;Furniture
Sauder Floating Shelf Set, Mobile;Furniture
Mother Earth Men Solid Black Churidar;Vêtements / Clothing
C-Line Cubicle Keepers Polyproplyene Holder With Velcro Backings;Furniture
Political Suicide: Missteps, Peccadilloes, Bad Calls, Backroom Hijinx, Sordid Pasts, Rotten Breaks, and Just Plain Dumb Mistakes in the Annals of American Politics;Livre / Book
Newell 320;Office Supplies
Avery Non-Stick Binders;Office Supplies
Accos Thumb Tacks, Bulk Pack;Office Supplies
Wilson Jones 3-Hole Punch, Recycled;Office Supplies
LG G3;IT / Technology
Sanford Liquid Accent Highlighters;Office Supplies
Boston Heavy-Duty Trimline Electric Pencil Sharpeners;Office Supplies
Acrylic Self-Standing Desk Frames;Furniture
Logiciel de paie;Logiciels / Licences
"Geographics Note Cards, Blank, White, 8 1/2"" x 11""";Office Supplies
AT&T CL82213;IT / Technology
Conférence;Honoraires et prestations
Sharp Personal Copier, Digital;IT / Technology
Motorola Speaker Phone, Cordless;IT / Technology
Dania Corner Shelving, Traditional;Furniture
Master Big Foot Doorstop, Beige;Furniture
Xerox 1946;Office Supplies
Hon 4070 Series Pagoda Round Back Stacking Chairs;Furniture
Wi-Ex zBoost YX540 Cellular Phone Signal Booster;IT / Technology
Advantus Motivational Note Cards;Office Supplies
Tennsco Single-Tier Lockers;Office Supplies
Révision comptable;Honoraires et prestations
Home/Office Personal File Carts;Office Supplies
Okidata Phone, Red;IT / Technology
Memorex Froggy Flash Drive 4 GB;IT / Technology
Maxell CD-R Discs;IT / Technology
Sharp Fax Machine, Digital;IT / Technology
Boston 19500 Mighty Mite Electric Pencil Sharpener;Office Supplies
Eldon Stacking Tray, Duo Pack;Furniture
contribution formation professionnelle;Frais de personnel
Cameo Manila Envelope, Recycled;Office Supplies
Bevis Steel Folding Chairs;Furniture
Bevis Round Table, Fully Assembled;Furniture
Plantronics Encore H101 Dual Earpieces Headset;IT / Technology
Frais de dossier;Charges bancaires
Green Bar Computer Printout Paper, 8.5 x 11;Office Supplies
Barricks Coffee Table, Adjustable Height;Furniture
Epson Receipt Printer, White;IT / Technology
cotisation retraite complémentaire;Frais de personnel
BIC Markers, Fluorescent;Office Supplies
Sauder Library with Doors, Traditional;Furniture
Bretford Just In Time Height-Adjustable Multi-Task Work Tables;Furniture
honoraires commissaire aux comptes;Honoraires et prestations
Logitech Illuminated Ultrathin Keyboard with Backlighting;IT / Technology
Green Canvas Binder for 8-1/2 x 14 Sheets;Office Supplies
Brother Copy Machine, Color;IT / Technology
Tops White Computer Printout Paper;Office Supplies
Bevis Round Conference Room Tables and Bases;Furniture
Kleencut Box Cutter, Easy Grip;Office Supplies
Dania Classic Bookcase, Mobile;Furniture
SanDisk Memo Slips, 8.5 x 11;Office Supplies
The Demon-Haunted World: Science as a Candle in the Dark;Livre / Book
Hewlett-Packard Desktjet 6988DT Refurbished Printer;IT / Technology
Google Nexus 5;IT / Technology
Hon Round Table, Fully Assembled;Furniture
Far & Away: Places on the Brink of Change: Seven Continents, Twenty-Five Years;Livre / Book
Memorex Numeric Keypad, Erganomic;IT / Technology
Luxo Adjustable Task Clamp Lamp;Furniture
Harbour Creations Swivel Stool, Adjustable;Furniture
titres restaurant carte;Frais de personnel
honoraires formation externe consultant;Honoraires et prestations
Brother MFC-9340CDW LED All-In-One Printer, Copier Scanner;IT / Technology
Nokia Lumia 1020;IT / Technology
"Message Book, Standard Line ""While You Were Out"", 5 1/2"" X 4"", 200 Sets/Book";Office Supplies
American Pencil;Office Supplies
Acme Letter Opener, High Speed;Office Supplies
Balt Split Level Computer Training Table;Furniture
Bush Westfield Collection Bookcases, Dark Cherry Finish, Fully Assembled;Furniture
Eldon Box, Blue;Office Supplies
Novimex Fabric Task Chair;Furniture
"Wilson Jones Ledger-Size, Piano-Hinge Binder, 2"", Blue";Office Supplies
Xerox 22;Office Supplies
Ames Peel and Seal, Set of 50;Office Supplies
Xerox 1993;Office Supplies
Hon Swivel Stool, Set of Two;Furniture
Office Star - Mid Back Dual function Ergonomic High Back Chair with 2-Way Adjustable Arms;Furniture
Xerox 1896;Office Supplies
Avery 508;Office Supplies
DIXON Oriole Pencils;Office Supplies
Novimex Bag Chairs, Black;Furniture
Sauder Library with Doors, Pine;Furniture
Office Star Chairmat, Red;Furniture
Wilson Jones Binder, Clear;Office Supplies
9-3/4 Diameter Round Wall Clock;Furniture
Bevis Conference Table, with Bottom Storage;Furniture
Acco Data Flex Cable Posts For Top & Bottom Load Binders, 6 Capacity;Office Supplies
AT&T 1080 Corded phone;IT / Technology
Xerox 216;Office Supplies
Tenex Chairmats For Use with Hard Floors;Furniture
Prismacolor Color Pencil Set;Office Supplies
Cisco Small Business SPA 502G VoIP phone;IT / Technology
Lesro Round Table, with Bottom Storage;Furniture
Imation 30456 USB Flash Drive 8GB;IT / Technology
Sharp Fax and Copier, Laser;IT / Technology
Recycled Easel Ring Binders;Office Supplies
Rubbermaid Frame, Durable;Furniture
Safco Corner Shelving, Pine;Furniture
Hon Deluxe Fabric Upholstered Stacking Chairs;Furniture
Embossed Ink Jet Note Cards;Office Supplies
Riverside Furniture Stanwyck Manor Table Series;Furniture
Okidata Card Printer, Red;IT / Technology
Xerox 1903;Office Supplies
Samsung Audio Dock, VoIP;IT / Technology
Frais de tenue de compte mensuels;Charges bancaires
Xerox 210;Office Supplies
Epson Phone, Durable;IT / Technology
DYMO CardScan Personal V9 Business Card Scanner;IT / Technology
SAFCO Rocking Chair, Red;Furniture
Kensington Orbit Wireless Mobile Trackball for PC and Mac;IT / Technology
Frais de dossier départ;Charges bancaires
Cameo Peel and Seal, Set of 50;Office Supplies
Cisco 8x8 Inc. 6753i IP Business Phone System;IT / Technology
Belkin Memory Card, Programmable;IT / Technology
AT&T EL51110 DECT;IT / Technology
Newell 33;Office Supplies
Binney & Smith Crayola Metallic Crayons, 16-Color Pack;Office Supplies
Okidata B401 Printer;IT / Technology
Office Star Swivel Stool, Adjustable;Furniture
Lesro Computer Table, Adjustable Height;Furniture
Logitech B530 USB Headset - headset - Full size, Binaural;IT / Technology
Dixon Ticonderoga Core-Lock Colored Pencils;Office Supplies
Cotisation carte;Charges bancaires
Sauder Classic Bookcase, Pine;Furniture
Balt Solid Wood Rectangular Table;Furniture
Nortel Meridian M5316 Digital phone;IT / Technology
Rocia Women Silver Casual Sandals;Vêtements / Clothing
Toshiba IPT2010-SD IP Telephone;IT / Technology
Hewlett Ink, Color;IT / Technology
BOSTON Model 1800 Electric Pencil Sharpeners, Putty/Woodgrain;Office Supplies
Cisco SPA112 2 Port Phone Adapter;IT / Technology
Global Geo Office Task Chair, Gray;Furniture
"Executive Impressions 10"" Spectator Wall Clock";Furniture
Tenex Stacking Tray, Durable;Furniture
Newell 332;Office Supplies
Sister Dear;Livre / Book
Cardinal Hole Reinforcements, Clear;Office Supplies
Cameo Buff Policy Envelopes;Office Supplies
Eldon Light Bulb, Erganomic;Furniture
OSullivan Cherrywood Estates Traditional Bookcase;Furniture
Plantronics 81402;IT / Technology
Hoover Toaster, Black;Office Supplies
9-3/4 Diameter Round Wall Clock;Furniture
Advantus Clamps, Bulk Pack;Office Supplies
Canon imageCLASS 2200 Advanced Copier;IT / Technology
Safco Classic Bookcase, Mobile;Furniture
Acco 6 Outlet Guardian Premium Surge Suppressor;Office Supplies
Executive Impressions 13 Clairmont Wall Clock;Furniture
Lesro Conference Table, with Bottom Storage;Furniture
Commission de transaction;Charges bancaires
Black & Decker Filter for Double Action Dustbuster Cordless Vac BLDV7210;Office Supplies
"6"" Cubicle Wall Clock, Black";Furniture
HP Officejet Pro 8600 e-All-In-One Printer, Copier, Scanner, Fax;IT / Technology
Zebra GK420t Direct Thermal/Thermal Transfer Printer;IT / Technology
Commission intermédiaire;Charges bancaires
Tenex The Solids Textured Chair Mats;Furniture
Super Decoflex Portable Personal File;Office Supplies
Universal Ultra Bright White Copier/Laser Paper, 8 1/2 x 11, Ream;Office Supplies
Harmony Air Purifier;Office Supplies
GBC Standard Plastic Binding Systems Combs;Office Supplies
Hewlett Wireless Fax, High-Speed;IT / Technology
"TOPS ""Important Message"" Pads, Canary, 4-1/4 x 5-1/2, 50 Sheets per Pad";Office Supplies
Anker Astro Mini 3000mAh Ultra-Compact Portable Charger;IT / Technology
Plastic Binding Combs;Office Supplies
Eldon Stackable Tray, Side-Load, Legal, Smoke;Furniture
Stanley Pens, Fluorescent;Office Supplies
OIC Clamps, Assorted Sizes;Office Supplies
Recycled Interoffice Envelopes with Re-Use-A-Seal Closure, 10 x 13;Office Supplies
StarTech Card Printer, White;IT / Technology
SAFCO Rocking Chair, Set of Two;Furniture
Cisco Audio Dock, VoIP;IT / Technology
Panasonic KX TS208W Corded phone;IT / Technology
Wireless Extenders zBoost YX545 SOHO Signal Booster;IT / Technology
Logitech Mouse, Programmable;IT / Technology
Logitech ClearChat Comfort/USB Headset H390;IT / Technology
Kensington 4 Outlet MasterPiece Compact Power Control Center;Office Supplies
Avery 477;Office Supplies
Poly String Tie Envelopes;Office Supplies
Xerox WorkCentre 6505DN Laser Multifunction Printer;IT / Technology
Global Deluxe High-Back Managers Chair;Furniture
Executive Impressions 14 Two-Color Numerals Wall Clock;Furniture
The Good Girl;Livre / Book
Boston 1730 StandUp Electric Pencil Sharpener;Office Supplies
Bush Library with Doors, Metal;Furniture
Chromcraft Conference Table, Fully Assembled;Furniture
Boston School Pro Electric Pencil Sharpener, 1670;Office Supplies
Ativa V4110MDD Micro-Cut Shredder;IT / Technology
"Avery Trapezoid Ring Binder, 3"" Capacity, Black, 1040 sheets";Office Supplies
Elite Box Cutter, High Speed;Office Supplies
Samsung Signal Booster, with Caller ID;IT / Technology
V7 USB Numeric Keypad;IT / Technology
Avatar: The Last Airbender: Smoke and Shadow, Part 3 (Smoke and Shadow #3);Livre / Book
Hoover Commercial SteamVac;Office Supplies
Lexmark MX611dhe Monochrome Laser Printer;IT / Technology
W Women Printed White Kurtas;Vêtements / Clothing
netTALK DUO VoIP Telephone Service;IT / Technology
Bevis Training Table, Rectangular;Furniture
Puma Men White Track Pants;Vêtements / Clothing
honoraires consultant it;Honoraires et prestations
StarTech Printer, White;IT / Technology
régularisation paie;Frais de personnel
Luxo Professional Fluorescent Magnifier Lamp with Clamp-Mount Base;Furniture
OIC Push Pins, Metal;Office Supplies
"Avery Durable Plastic 1"" Binders";Office Supplies
HP Copy Machine, High-Speed;IT / Technology
"Executive Impressions 16-1/2"" Circular Wall Clock";Furniture
ClearOne Communications CHAT 70 OC Speaker Phone;IT / Technology
BlackBerry Q10;IT / Technology
Imation 8GB Mini TravelDrive USB 2.0 Flash Drive;IT / Technology
Anderson Hickey Conga Table Tops & Accessories;Furniture
Sauder Stackable Bookrack, Pine;Furniture
OIC #2 Pencils, Medium Soft;Office Supplies
Texas Instruments TI-34 Scientific Calculator;IT / Technology
Deflect-o Glass Clear Studded Chair Mats;Furniture
Hon Olson Stacker Stools;Furniture
"Rubbermaid ClusterMat Chairmats, Mat Size- 66"" x 60"", Lip 20"" x 11"" -90 Degree Angle";Furniture
Global Push Button Manager's Chair, Indigo;Furniture
Ikea Floating Shelf Set, Metal;Furniture
ADIDAS Men Marathon Black Sports Shoes;Vêtements / Clothing
Xerox 213;Office Supplies
Frais de rappel incident de paiement;Charges bancaires
Xerox 1959;Office Supplies
Bretford Rectangular Conference Table Tops;Furniture
Macally Suction Cup Mount;IT / Technology
Frais juridiques;Honoraires et prestations
Lunatik TT5L-002 Taktik Strike Impact Protection System for iPhone 5;IT / Technology
GE 2-Jack Phone Line Splitter;IT / Technology
Belkin SportFit Armband For iPhone 5s/5c, Fuchsia;IT / Technology
Sony Micro Vault Click 8 GB USB 2.0 Flash Drive;IT / Technology
Xerox 1888;Office Supplies
Global Value Steno Chair, Gray;Furniture
Chromcraft Rectangular Conference Tables;Furniture
Jiffy Padded Mailers with Self-Seal Closure;Office Supplies
Fellowes Advanced 8 Outlet Surge Suppressor with Phone/Fax Protection;Office Supplies
Nokia Office Telephone, with Caller ID;IT / Technology
Logitech Trackman Marble Mouse;IT / Technology
Plantronics CS 50-USB - headset - Convertible, Monaural;IT / Technology
Eldon Shelf Savers Cubes and Bins;Office Supplies
O'Sullivan Living Dimensions 5-Shelf Bookcases;Furniture
Ibico Binder Covers, Durable;Office Supplies
Licence logicielle;Logiciels / Licences
Global High-Back Leather Tilter, Burgundy;Furniture
TOPS Voice Message Log Book, Flash Format;Office Supplies
HP Fax and Copier, Laser;IT / Technology
Panasonic Printer, Red;IT / Technology
Édition de paie;Frais de personnel
Safco Steel Mobile File Cart;Office Supplies
Memorex 25GB 6X Branded Blu-Ray Recordable Disc, 15/Pack;IT / Technology
Stockwell Staples, Metal;Office Supplies
Tenex Door Stop, Duo Pack;Furniture
Jabra BIZ 2300 Duo QD Duo Corded Headset;IT / Technology
LG G2;IT / Technology
iOttie XL Car Mount;IT / Technology
Deflect-o RollaMat Studded, Beveled Mat for Medium Pile Carpeting;Furniture
Acme Preferred Stainless Steel Scissors;Office Supplies
Contico 72H Heavy-Duty Storage System;Office Supplies
Breville Stove, Silver;Office Supplies
Commission départ;Charges bancaires
GBC Velobind Prepunched Cover Sets, Regency Series;Office Supplies
BlueLounge Milo Smartphone Stand, White/Metallic;IT / Technology
"Executive Impressions 13-1/2"" Indoor/Outdoor Wall Clock";Furniture
Logitech Flash Drive, USB;IT / Technology
AT&T 841000 Phone;IT / Technology
Microsoft Arc Touch Mouse;IT / Technology
Prang Colored Pencils;Office Supplies
Ikea Floating Shelf Set, Mobile;Furniture
Impôt sur les sociétés;Honoraires et prestations
Contract Clock, 14, Brown;Furniture
Abonnement annuel AgentJ;Logiciels / Licences
Puma Men Striped Full Zip Red Sweaters;Vêtements / Clothing
Office Star Swivel Stool, Black;Furniture
First Data FD10 PIN Pad;IT / Technology
Hoover Commercial Soft Guard Upright Vacuum And Disposable Filtration Bags;Office Supplies
Ikea Stackable Bookrack, Pine;Furniture
Stiletto Trimmer, Easy Grip;Office Supplies
Howard Miller 14-1/2 Diameter Chrome Round Wall Clock;Furniture
BlueLounge Milo Smartphone Stand, White/Metallic;IT / Technology
Cisco Speaker Phone, VoIP;IT / Technology
interprétation professionnelle;Honoraires et prestations
Bretford “Just In Time” Height-Adjustable Multi-Task Work Tables;Furniture
HP Wireless Fax, Digital;IT / Technology
Canon Fax Machine, Laser;IT / Technology
Taxe professionnelle;Honoraires et prestations
Advantus 10-Drawer Portable Organizer, Chrome Metal Frame, Smoke Drawers;Office Supplies
Bush Advantage Collection Racetrack Conference Table;Furniture
Hon Racetrack Conference Tables;Furniture
Barricks Wood Table, with Bottom Storage;Furniture
HP Fax Machine, Digital;IT / Technology
Hon Coffee Table, Fully Assembled;Furniture
2300 Heavy-Duty Transfer File Systems by Perma;Office Supplies
Avery 489;Office Supplies
Audit financier;Honoraires et prestations
Sauder Facets Collection Library, Sky Alder Finish;Furniture
Hanging Personal Folder File;Office Supplies
Westinghouse Mesh Shade Clip-On Gooseneck Lamp, Black;Furniture
Sauder Stackable Bookrack, Traditional;Furniture
Fichier CODA;Charges bancaires
Logitech Wireless Gaming Headset G930;IT / Technology
Logitech Illuminated - Keyboard;IT / Technology
Canon Personal Copier, Color;IT / Technology
Eureka Hand Vacuum, Bagless;Office Supplies
honoraires notaire acte;Honoraires et prestations
Fiskars Box Cutter, Serrated;Office Supplies
Logitech Wireless Headset H600 Over-The-Head Design;IT / Technology
OSullivan Elevations Bookcase, Cherry Finish;Furniture
Clavier filaire HP;IT / Technology
Sauder Camden County Collection Library;Furniture
GBC DocuBind 200 Manual Binding Machine;Office Supplies
StarTech Calculator, Durable;IT / Technology
Akro Stacking Bins;Office Supplies
KitchenAid Stove, White;Office Supplies
Tyvek  Top-Opening Peel & Seel  Envelopes, Gray;Office Supplies
Tenex Photo Frame, Black;Furniture
Boston Pencil Sharpener, Water Color;Office Supplies
Facit Men White Facit Innerwear Vest;Vêtements / Clothing
Logitech P710e Mobile Speakerphone;IT / Technology
Hon Swivel Stool, Red;Furniture
Bush Somerset Collection Bookcase;Furniture
Panasonic Printer, Durable;IT / Technology
Samsung Galaxy S4 Active;IT / Technology
Canon Fax Machine, Digital;IT / Technology
Logitech Keyboard, Programmable;IT / Technology
Xerox 1950;Office Supplies
Advantus Clamps, Metal;Office Supplies
Chromcraft Round Table, Rectangular;Furniture
"Manila Recycled Extra-Heavyweight Clasp Envelopes, 6"" x 9""";Office Supplies
Ibico Plastic and Wire Spiral Binding Combs;Office Supplies
Stiletto Shears, Easy Grip;Office Supplies
Razer Kraken PRO Over Ear PC and Music Headset;IT / Technology
Wilson Jones Clip & Carry Folder Binder Tool for Ring Binders, Clear;Office Supplies
GE General Use Halogen Bulbs, 100 Watts, 1 Bulb per Pack;Furniture
Fichiers de virement;Charges bancaires
Avery White Multi-Purpose Labels;Office Supplies
Tennsco Regal Shelving Units;Office Supplies
Advantus Stacking Tray, Black;Furniture
Cisco Speaker Phone, Full Size;IT / Technology
Avery Shipping Labels, 5000 Label Set;Office Supplies
Cubify CubeX 3D Printer Double Head Print;IT / Technology
ACCOHIDE Binder by Acco;Office Supplies
Nokia Audio Dock, Cordless;IT / Technology
Cisco Signal Booster, Cordless;IT / Technology
Lumber Crayons;Office Supplies
Apple iPhone 5C;IT / Technology
Nortel Meridian M3904 Professional Digital phone;IT / Technology
StarTech Inkjet, Wireless;IT / Technology
GuestStacker Chair with Chrome Finish Legs;Furniture
prestation architecte plans;Honoraires et prestations
Honeywell Enviracaire Portable Air Cleaner for up to 8 x 10 Room;Office Supplies
Staples;Furniture
Large Capacity Hanging Post Binders;Office Supplies
Commission de garantie;Charges bancaires
Xerox 225;Office Supplies
Extrait CODA;Charges bancaires
Fellowes Advanced Computer Series Surge Protectors;Office Supplies
Bulldog Vacuum Base Pencil Sharpener;Office Supplies
"Executive Impressions 14"" Two-Color Numerals Wall Clock";Furniture
Rubbermaid Light Bulb, Durable;Furniture
SAFCO Swivel Stool, Black;Furniture
Jiffy Business Envelopes, Security-Tint;Office Supplies
Plantronics CS 50-USB - headset - Convertible, Monaural;IT / Technology
Logitech G602 Wireless Gaming Mouse;IT / Technology
cabinet recrutement profil;Honoraires et prestations
Harbour Creations Removable Labels, Adjustable;Office Supplies
Frais de déplacement;Frais de personnel
Memorex Mini Travel Drive 64 GB USB 2.0 Flash Drive;IT / Technology
I Need's 3d Hello Kitty Hybrid Silicone Case Cover for HTC One X 4g with 3d Hello Kitty Stylus Pen Green/pink;IT / Technology
Southworth 25% Cotton Linen-Finish Paper & Envelopes;Office Supplies
Newell 3-Hole Punched Plastic Slotted Magazine Holders for Binders;Office Supplies
Novimex High-Tech Fabric Mesh Task Chair;Furniture
Avery 518;Office Supplies
SanDisk Cruzer 32 GB USB Flash Drive;IT / Technology
Avery 520;Office Supplies
Angle-D Ring Binders;Office Supplies
Panasonic KX-TG9541B DECT 6.0 Digital 2-Line Expandable Cordless Phone With Digital Answering System;IT / Technology
Harbour Creations Rocking Chair, Adjustable;Furniture
KitchenAid Refrigerator, Black;Office Supplies
Novimex Steel Folding Chair, Adjustable;Furniture
Tenex Personal Project File with Scoop Front Design, Black;Office Supplies
Tenex Contemporary Contur Chairmats for Low and Medium Pile Carpet, Computer, 39 x 49;Furniture
Epson WorkForce WF-2530 All-in-One Printer, Copier Scanner;IT / Technology
Socket Bluetooth Cordless Hand Scanner (CHS);IT / Technology
Tenue de comptabilité;Honoraires et prestations
Chromcraft Wood Table, Fully Assembled;Furniture
Sharp 1540cs Digital Laser Copier;IT / Technology
Nu-Dell Float Frame 11 x 14 1/2;Furniture
Howard Miller 16 Diameter Gallery Wall Clock;Furniture
Plantronics MX500i Earset;IT / Technology
Acme Galleria Hot Forged Steel Scissors with Colored Handles;Office Supplies
Imation 8gb Micro Traveldrive Usb 2.0 Flash Drive;IT / Technology
médecine du travail personnel;Frais de personnel
Vtech CS6719;IT / Technology
Letter or Legal Size Expandable Poly String Tie Envelopes;Office Supplies
Nontoxic Chalk;Office Supplies
Eldon Econocleat Chair Mats for Low Pile Carpets;Furniture
Déclaration TVA;Honoraires et prestations
Xerox 1987;Office Supplies
Fellowes Officeware Wire Shelving;Office Supplies
Eldon 200 Class Desk Accessories, Burgundy;Furniture
Samsung Rugby III;IT / Technology
HP Officejet Pro 8600 e-All-In-One Printer, Copier, Scanner, Fax;IT / Technology
Samsung Convoy 3;IT / Technology
Deflect-o SuperTray Unbreakable Stackable Tray, Letter, Black;Furniture
Tyvek  Top-Opening Peel & Seel Envelopes, Plain White;Office Supplies
Hamilton Beach Microwave, Black;Office Supplies
Formation professionnelle;Frais de personnel
Multi-Use Personal File Cart and Caster Set, Three Stacking Bins;Office Supplies
The Unlikely Pilgrimage of Harold Fry (Harold Fry #1);Livre / Book
A Time of Torment (Charlie Parker #14);Livre / Book
Eldon 200 Class Desk Accessories;Furniture
Cisco SPA301;IT / Technology
Bush 3-Shelf Cabinet, Mobile;Furniture
Newell 347;Office Supplies
Vtech AT&T CL2940 Corded Speakerphone, Black;IT / Technology
Longer-Life Soft White Bulbs;Furniture
Seth Thomas 8 1/2 Cubicle Clock;Furniture
Carina Mini System Audio Rack, Model AR050B;Office Supplies
Razer Kraken 7.1 Surround Sound Over Ear USB Gaming Headset;IT / Technology
Avery Hole Reinforcements;Office Supplies
Frais dossiers départs;Charges bancaires
OtterBox Commuter Series Case - Samsung Galaxy S4;IT / Technology
Wilson Electronics DB Pro Signal Booster;IT / Technology
Howard Miller Distant Time Traveler Alarm Clock;Furniture
Global Value Mid-Back Manager's Chair, Gray;Furniture
Sony 8GB Class 10 Micro SDHC R40 Memory Card;IT / Technology
Bush Westfield Collection Bookcases, Dark Cherry Finish;Furniture
Plantronics HL10 Handset Lifter;IT / Technology
Hon 94000 Series Round Tables;Furniture
Zebra GK420t Direct Thermal/Thermal Transfer Printer;IT / Technology
Parx Men White Briefs;Vêtements / Clothing
Xerox 196;Office Supplies
Deflect-O Clock, Black;Furniture
salaire brut personnel;Frais de personnel
Hon Metal Bookcases, Putty;Furniture
Abonnement mensuel fichiers bancaires SEPA;Charges bancaires
Honeywell Enviracaire Portable HEPA Air Cleaner for 17 x 22 Room;Office Supplies
indemnité de licenciement;Frais de personnel
Deflect-O Photo Frame, Black;Furniture
Numero Uno Men Casual Navy Blue Slipper;Vêtements / Clothing
Harbour Creations Executive Leather Armchair, Red;Furniture
Cuisinart Blender, Silver;Office Supplies
GlobeWeis Manila Envelope, with clear poly window;Office Supplies
épargne salariale;Frais de personnel
Memorex Mini Travel Drive 4 GB USB 2.0 Flash Drive;IT / Technology
Bush 3-Shelf Cabinet, Pine;Furniture
Sharp Personal Copier, Laser;IT / Technology
Zipper Ring Binder Pockets;Office Supplies
Ampad Phone Message Book, Recycled, 400 Message Capacity, 5 ¾” x 11”;Office Supplies
Panasonic Printer, Wireless;IT / Technology
Hon Deluxe Fabric Upholstered Stacking Chairs, Rounded Back;Furniture
Hon Pagoda Stacking Chairs;Furniture
Logitech Memory Card, Bluetooth;IT / Technology
Hon Wood Table, Fully Assembled;Furniture
Ultra Door Kickplate, 8H x 34W;Furniture
Xerox 231;Office Supplies
Sanford Pencil Sharpener, Water Color;Office Supplies
Samsung Signal Booster, Cordless;IT / Technology
Hamilton Beach Blender, White;Office Supplies
Advantus Clock, Black;Furniture
Nokia Smart Phone, Full Size;IT / Technology
Fluorescent Highlighters by Dixon;Office Supplies
Enermax Computer Printout Paper, Multicolor;Office Supplies
Global Deluxe Office Fabric Chairs;Furniture
"Howard Miller 11-1/2"" Diameter Grantwood Wall Clock";Furniture
Permanent Self-Adhesive File Folder Labels for Typewriters by Universal;Office Supplies
Sanyo Counter Height Refrigerator with Crisper, 3.6 Cubic Foot, Stainless Steel/Black;Office Supplies
Sharp Fax Machine, Color;IT / Technology
Memorex 25GB 6X Branded Blu-Ray Recordable Disc, 30/Pack;IT / Technology
Super Bands, 12/Pack;Office Supplies
Hoover Refrigerator, Silver;Office Supplies
Xerox 189;Office Supplies
Hewlett Packard 310 Color Digital Copier;IT / Technology
Hon Training Table, with Bottom Storage;Furniture
Sauder Corner Shelving, Mobile;Furniture
Konica Inkjet, Wireless;IT / Technology
Nu-Dell Leatherette Frames;Furniture
Okidata Card Printer, White;IT / Technology
Konica Calculator, Durable;IT / Technology
Advantus Door Stop, Duo Pack;Furniture
Hon Every-Day Chair Series Swivel Task Chairs;Furniture
Xerox 1925;Office Supplies
Dania Library with Doors, Traditional;Furniture
"REDIFORM Incoming/Outgoing Call Register, 11"" X 8 1/2"", 100 Messages";Office Supplies
Memorex Froggy Flash Drive 4 GB;IT / Technology
honoraires expert comptable;Honoraires et prestations
Bestar Classic Bookcase;Furniture
Hon Conference Table, Adjustable Height;Furniture
Acme Office Executive Series Stainless Steel Trimmers;Office Supplies
Jet-Pak Recycled Peel N Seal Padded Mailers;Office Supplies
Bevis Round Conference Table Top & Single Column Base;Furniture
Lesro Round Back Collection Coffee Table, End Table;Furniture
Bush Classic Bookcase, Mobile;Furniture
Avery 513;Office Supplies
Commission de résiliation;Charges bancaires
Green Bar Memo Slips, 8.5 x 11;Office Supplies
Aneri Women Blue & White Salwar Suit;Vêtements / Clothing
Motorola Headset, Full Size;IT / Technology
Xerox 199;Office Supplies
Ikea Stackable Bookrack, Mobile;Furniture
Eldon Stacking Tray, Black;Furniture
Xerox 1981;Office Supplies
Seidio BD2-HK3IPH5-BK DILEX Case and Holster Combo for Apple iPhone 5/5s - Black;IT / Technology
PayAnywhere Card Reader;IT / Technology
SAFCO Steel Folding Chair, Adjustable;Furniture
Global Enterprise Series Seating High-Back Swivel/Tilt Chairs;Furniture
Panasonic Kx-TS550;IT / Technology
Commission d'engagement;Charges bancaires
Eldon Expressions Punched Metal & Wood Desk Accessories, Pewter & Cherry;Furniture
Harbour Creations Chairmat, Adjustable;Furniture
Barricks Training Table, with Bottom Storage;Furniture
Hamilton Beach Coffee Grinder, Black;Office Supplies
Enermax Cards & Envelopes, Recycled;Office Supplies
Enermax Memo Slips, Recycled;Office Supplies
Electrix 20W Halogen Replacement Bulb for Zoom-In Desk Lamp;Furniture
NETGEAR AC1750 Dual Band Gigabit Smart WiFi Router;IT / Technology
Samsung Galaxy S4 Active;IT / Technology
Sony 16GB Class 10 Micro SDHC R40 Memory Card;IT / Technology
Crayola Colored Pencils;Office Supplies
Avery Hole Reinforcements, Economy;Office Supplies
Cardinal 3-Hole Punch, Clear;Office Supplies
Enermax Mouse, USB;IT / Technology
Honoraires d'avocat;Honoraires et prestations
Xerox 1986;Office Supplies
Hon Conference Table, Rectangular;Furniture
Jabra Supreme Plus Driver Edition Headset;IT / Technology
Logitech diNovo Edge Keyboard;IT / Technology
ClearSounds CSC500 Amplified Spirit Phone Corded phone;IT / Technology
Tenex Shelving, Single Width;Office Supplies
OtterBox Defender Series Case - iPhone 5c;IT / Technology
Rush Hierlooms Collection Rich Wood Bookcases;Furniture
Eldon Advantage Chair Mats for Low to Medium Pile Carpets;Furniture
Drama;Livre / Book
Recycled Easel Ring Binders;Office Supplies
Barricks Coffee Table, Fully Assembled;Furniture
Commission de virement;Charges bancaires
Lesro Coffee Table, Rectangular;Furniture
GBC DocuBind TL200 Manual Binding Machine;Office Supplies
Avery 517;Office Supplies
Apple Smart Phone, with Caller ID;IT / Technology
Assorted Color Push Pins;Office Supplies
Logitech P710e Mobile Speakerphone;IT / Technology
salaire mensuel net;Frais de personnel
Bretford Rectangular Conference Table Tops;Furniture
Expertise comptable;Honoraires et prestations
LF Elite 3D Dazzle Designer Hard Case Cover, Lf Stylus Pen and Wiper For Apple Iphone 5c Mini Lite;IT / Technology
Fellowes PB300 Plastic Comb Binding Machine;Office Supplies
Smead Lockers, Wire Frame;Office Supplies
Kensington 6 Outlet SmartSocket Surge Protector;Office Supplies
Newell 318;Office Supplies
Office Star Rocking Chair, Black;Furniture
Honoraires comptables conseil fiscal;Honoraires et prestations
Tenex Photo Frame, Erganomic;Furniture
Chromcraft Wood Table, Adjustable Height;Furniture
Convenience Packs of Business Envelopes;Office Supplies
Premier Automatic Letter Opener;Office Supplies
"GE 48"" Fluorescent Tube, Cool White Energy Saver, 34 Watts, 30/Box";Furniture
StarTech Phone, White;IT / Technology
Commission d'intervention;Charges bancaires
Hon Round Table, Adjustable Height;Furniture
Bush Heritage Pine Collection 5-Shelf Bookcase, Albany Pine Finish, *Special Order;Furniture
Wirebound Message Books, Four 2 3/4 x 5 Forms per Page, 600 Sets per Book;Office Supplies
Motorola HK250 Universal Bluetooth Headset;IT / Technology
carte déjeuner personnel;Frais de personnel
Hewlett-Packard Deskjet 5550 Printer;IT / Technology
Deflect-o EconoMat Studded, No Bevel Mat for Low Pile Carpeting;Furniture
AT&T SB67148 SynJ;IT / Technology
Safco Classic Bookcase, Pine;Furniture
Xerox 1890;Office Supplies
Intérêts débiteurs;Charges bancaires
SAFCO Commercial Wire Shelving, Black;Office Supplies
Avery Hidden Tab Dividers for Binding Systems;Office Supplies
DAX Value U-Channel Document Frames, Easel Back;Furniture
Global Value Steno Chair, Gray;Furniture
Honeywell Enviracaire Portable HEPA Air Cleaner for up to 10 x 16 Room;Office Supplies
Office Star Chairmat, Set of Two;Furniture
Belkin Keyboard, Erganomic;IT / Technology
Epson Phone, White;IT / Technology
Frais de maintenance fichiers bancaires;Charges bancaires
